-- MySQL dump 10.19  Distrib 10.2.37-MariaDB, for Linux (x86_64)
--
-- Host: localhost    Database: lesfupev_tintin
-- ------------------------------------------------------
-- Server version	10.2.37-MariaDB

/*!40101 SET @OLD_CHARACTER_SET_CLIENT=@@CHARACTER_SET_CLIENT */;
/*!40101 SET @OLD_CHARACTER_SET_RESULTS=@@CHARACTER_SET_RESULTS */;
/*!40101 SET @OLD_COLLATION_CONNECTION=@@COLLATION_CONNECTION */;
/*!40101 SET NAMES utf8 */;
/*!40103 SET @OLD_TIME_ZONE=@@TIME_ZONE */;
/*!40103 SET TIME_ZONE='+00:00' */;
/*!40014 SET @OLD_UNIQUE_CHECKS=@@UNIQUE_CHECKS, UNIQUE_CHECKS=0 */;
/*!40014 SET @OLD_FOREIGN_KEY_CHECKS=@@FOREIGN_KEY_CHECKS, FOREIGN_KEY_CHECKS=0 */;
/*!40101 SET @OLD_SQL_MODE=@@SQL_MODE, SQL_MODE='NO_AUTO_VALUE_ON_ZERO' */;
/*!40111 SET @OLD_SQL_NOTES=@@SQL_NOTES, SQL_NOTES=0 */;

--
-- Table structure for table `albums`
--

DROP TABLE IF EXISTS `albums`;
/*!40101 SET @saved_cs_client     = @@character_set_client */;
/*!40101 SET character_set_client = utf8 */;
CREATE TABLE `albums` (
  `albid` int(11) NOT NULL AUTO_INCREMENT,
  `albtit` varchar(255) NOT NULL,
  `albsortie` date NOT NULL,
  `albdesc` varchar(1000) DEFAULT NULL,
  `albimgfile` varchar(256) DEFAULT NULL,
  PRIMARY KEY (`albid`)
) ENGINE=InnoDB DEFAULT CHARSET=utf8;
/*!40101 SET character_set_client = @saved_cs_client */;

--
-- Dumping data for table `albums`
--

LOCK TABLES `albums` WRITE;
/*!40000 ALTER TABLE `albums` DISABLE KEYS */;
/*!40000 ALTER TABLE `albums` ENABLE KEYS */;
UNLOCK TABLES;

--
-- Table structure for table `commentaires`
--

DROP TABLE IF EXISTS `commentaires`;
/*!40101 SET @saved_cs_client     = @@character_set_client */;
/*!40101 SET character_set_client = utf8 */;
CREATE TABLE `commentaires` (
  `comid` int(11) NOT NULL AUTO_INCREMENT,
  `objid` int(11) NOT NULL,
  `mbid` int(11) NOT NULL,
  `comcom` text DEFAULT NULL,
  `comnote` int(11) DEFAULT NULL,
  PRIMARY KEY (`comid`,`objid`,`mbid`),
  KEY `fk_comm_mb_idx` (`mbid`),
  KEY `fk_commentaires_1_idx` (`objid`),
  CONSTRAINT `fk_comm_mbid` FOREIGN KEY (`mbid`) REFERENCES `membres` (`mbid`) ON DELETE NO ACTION ON UPDATE NO ACTION,
  CONSTRAINT `fk_comm_objid` FOREIGN KEY (`objid`) REFERENCES `objets` (`objid`) ON DELETE NO ACTION ON UPDATE NO ACTION
) ENGINE=InnoDB AUTO_INCREMENT=4 DEFAULT CHARSET=utf8;
/*!40101 SET character_set_client = @saved_cs_client */;

--
-- Dumping data for table `commentaires`
--

LOCK TABLES `commentaires` WRITE;
/*!40000 ALTER TABLE `commentaires` DISABLE KEYS */;
INSERT INTO `commentaires` VALUES (1,8,7,NULL,3),(2,838,7,NULL,4),(3,1183,7,NULL,5);
/*!40000 ALTER TABLE `commentaires` ENABLE KEYS */;
UNLOCK TABLES;

--
-- Table structure for table `editeurs`
--

DROP TABLE IF EXISTS `editeurs`;
/*!40101 SET @saved_cs_client     = @@character_set_client */;
/*!40101 SET character_set_client = utf8 */;
CREATE TABLE `editeurs` (
  `ediid` int(11) NOT NULL AUTO_INCREMENT,
  `edinom` varchar(50) NOT NULL,
  `edipays` varchar(50) DEFAULT NULL,
  `edidesc` text DEFAULT NULL,
  `ediimg` varchar(256) DEFAULT NULL,
  `edicreateyear` int(11) DEFAULT NULL,
  `edicloseyear` int(11) DEFAULT NULL,
  `commentaires` text DEFAULT NULL,
  PRIMARY KEY (`ediid`)
) ENGINE=InnoDB AUTO_INCREMENT=40 DEFAULT CHARSET=utf8;
/*!40101 SET character_set_client = @saved_cs_client */;

--
-- Dumping data for table `editeurs`
--

LOCK TABLES `editeurs` WRITE;
/*!40000 ALTER TABLE `editeurs` DISABLE KEYS */;
INSERT INTO `editeurs` VALUES (1,'LU','FR','LU, anciennement Lefèvre-Utile, est une marque française de biscuits emblématique de la ville de Nantes.\r\nL\'entreprise Lefèvre-Utile a été créée en 1846 par Jean-Romain Lefèvre.','LU.PNG',1846,NULL,'LU, anciennement Lefèvre-Utile, est une marque française de biscuits emblématique de la ville de Nantes créée en 1846.'),(2,'SCHLEICH','DE','Schleich a été fondée en 1935 par Friedrich Schleich.\r\nLes premières figurines ont été commercialisées en 1950 avec le développement, la production et le marketing de figurines sous licences encore très populaires aujourd\'hui (Schtroumpfs, Snoopy, le Muppet Show, etc.).','SCHLEICH.PNG',1935,NULL,''),(3,'BULLYLAND','DE','Société Allemande fondée en 1973. Connue dans le monde entier comme fabricant de figurines de collectionneurs peintes à la main.','BULLYLAND.PNG',1973,NULL,'Société Allemande fondée en 1973 et basée à Spraitbach.\r\nConnue dans le monde entier comme fabricant de modèles et de figurines de collectionneurs peints à la main.\r\nBullyland possède des bureaux à New York et à Hong Kong, ses propres installations de production en Allemagne et en Europe de l\'Est et un réseau de distribution mondial.'),(4,'INCONNU','-','Les objets ci-dessous n\'ont pas encore d\'éditeurs d\'identifiés.','INCONNU.PNG',NULL,NULL,''),(5,'LE LOMBARD','BE','Le Lombard est une maison d\'édition belge de bandes dessinées, fondée en 1946 par Raymond Leblanc en vue d\'assurer la diffusion et la vente en kiosques du journal Tintin.\r\n','LOMBARD.PNG',1946,NULL,'Le Lombard (les Éditions du Lombard jusqu\'en 1989) est une maison d\'édition belge de bandes dessinées, fondée en 1946 par Raymond Leblanc en vue d\'assurer la diffusion et la vente en kiosques du journal Tintin, un hebdomadaire pour la jeunesse créé parallèlement. \r\nDepuis 1986, Le Lombard fait partie du groupe Média Participations, au même titre actuellement que les éditions Dargaud et Dupuis, chacune de ces maisons gardant sa totale indépendance éditoriale.'),(6,'EDITIONS ATLAS','FR','Éditions Atlas créée en 1975 est une société française de vente par correspondance fermée en 2019.','ATLAS.PNG',1975,2019,'Éditions Atlas créée en 1975 est une société française de vente par correspondance fermée en 2019.\r\nElle est la filiale française de The Atlas Group, société suisse implantée à Lausanne, appartenant à la holding De Agostini, une multinationale basée en Italie, premier éditeur mondial de fascicules et de technologies de jeux de hasard.\r\nLe siège social de la filiale française est à Évreux, dans l\'Eure.'),(7,'CARREFOUR MARKET','FR','Carrefour est un groupe français de la grande distribution créé en 1959 à Annecy.','CARREFOUR_MARKET.PNG',1959,NULL,'Carrefour est un groupe français du secteur de la grande distribution.\r\nCréé en 1959 à Annecy, il est présent en Europe, en Amérique du Sud et en Asie, ainsi que dans d’autres zones du monde sous forme de partenariat local.\r\nPionnier du concept d’hypermarché en 1963, il est également présent dans d’autres formats de la grande distribution : les supermarchés, les magasins de proximité et le libre-service de gros.'),(8,'CARTAMUNDI','BE','Cartamundi Group créée en 1970 est une société basée à Turnhout , en Belgique, qui fabrique, produit et vend des jeux de société, des jeux de cartes.\r\nLe nom de l\'entreprise en latin signifie cartes pour le monde .','CARTAMUNDI.PNG',1970,NULL,'Cartamundi Group créée en 1970 est une société basée à Turnhout , en Belgique, qui fabrique, produit et vend des jeux de société, des jeux de cartes, des jeux de cartes à collectionner, des emballages et des cartes à jouer à travers ses filiales de fabrication et de vente. \r\nLe nom de l\'entreprise en latin signifie cartes pour le monde . C\'est l\'un des plus grands fabricants de cartes à jouer au monde.'),(9,'CITEL','FR','Citel a été fondée en 1986. Un accord de licence vidéo des droits des Aventures de Tintin est signé en 1992.','CITEL.PNG',1986,NULL,'Citel a été fondée en 1986, La société a d\'abord édité sous le label Citel Vidéo des documentaires.\r\nCitel se développe en 1992 avec un accord de licence vidéo des droits des Aventures de Tintin créé un an plus tôt pour la télévision. Puis des séries et longs métrages d\'animation, principalement d\'origine européenne.'),(10,'LIVRARIA BERTRAND','PL','Livraria Bertrand est la plus ancienne librairie en activité au monde.\r\nFondée en 1732 à Lisbonne , au Portugal .','BERTRAND.PNG',1732,NULL,''),(11,'DELACOSTE','FR','La société Delacoste, héritière de la société Derolland qui fabrique des jouets en caoutchouc depuis 1862.\r\nElle a été racheté par la société VULLIERME en 1982 qui devient VULLI en 1989.','DELACOSTE.PNG',1860,1982,''),(12,'ESSO','US','La Eastern States Standard Oil (ESSO) est créé en 1911. En 1972, cette marque a été remplacée aux États-Unis par Exxon, tandis que Esso est resté largement utilisée ailleurs dans le monde.','ESSO.PNG',1911,NULL,'La Eastern States Standard Oil (ESSO) est créé en 1911.\r\nEn 1972, cette marque a été en grande partie remplacée aux États-Unis par la marque Exxon après avoir acheté la Humble Oil, tandis que Esso est resté largement utilisée ailleurs dans le monde.'),(13,'FIL A FILM','FR','Editeur de cassettes vidéos créé en 1982.\r\nCette société deposera le bilan en 2002.','FIL_A_FILM.PNG',1982,2002,''),(14,'FILM OFFICE','FR','Editeur de cassettes vidéos créé en 1980.\r\nCette société deposera le bilan en 2001 et cédera ses droits à M6 Vidéo.','FILM_OFFICE.PNG',1980,2001,''),(15,'LA POSTE','FR','La Poste est une société anonyme française principalement présente en tant qu\'opérateur de services postaux, banque, assurance, opérateur de téléphonie mobile.','LA_POSTE.PNG',NULL,NULL,''),(16,'LANCO','ES','LANCO TOYS est une société familiale espagnole fondée en 1952.','LANCO.PNG',1952,NULL,'http://www.asatoys.fr/marque/lanco-toys'),(17,'MC DONALDS','US','McDonald\'s est une chaine de restauration rapide américaine présente dans le monde entier, fondée par l\'homme d\'affaires Ray Kroc,\r\nen 1952 après qu\'il eut acheté les droits à une petite chaîne de hamburger exploitée à partir de 1940 par Richard et Maurice McDonald.','MCDO.PNG',1952,NULL,''),(18,'MIRIM TOYS','FR','Société belge fabriquant de jouet','MIRIM.PNG',NULL,NULL,''),(19,'MOULINSART','BE','MOULINSART est une société anonyme (s.a.) de droit belge chargée de l’exploitation commerciale de l’oeuvre d’Hergé notamment à travers ses éditions et ses produits dérivés depuis 1986.','MOULINSART.PNG',1986,NULL,'MOULINSART est une société anonyme (s.a.) de droit belge chargée de l’exploitation commerciale de l’oeuvre d’Hergé notamment à travers ses éditions et ses produits dérivés depuis 1986.\r\nElle est créée en 1986 exerce ses activités dans différentes secteurs: le textile, les objets (statuettes, figurines, jouets, vaisselle, etc), l’édition (les Editions MOULINSART), la papeterie et le multimédia (internet, applications, production audiovisuelle).'),(20,'MONTBRISON','-','','MONTBRISON.PNG',NULL,NULL,'Pas de logo Chercher : logo jeux noel montbrison pour des logos dans les photos'),(21,'PARPICS','-','','PARPICS.PNG',NULL,NULL,'Pas de logo '),(22,'PINATERIA INTECO','CO','Société colombienne, fabriquant des jouets en plastique','INTECO.PNG',NULL,NULL,'Pas de logo '),(23,'PLASTOY','FR','Fondé en 1983 par Philippe-Antoine Guénard en Normandie.\r\nCette société comprend aussi PIXI et COLLECTOY.','PLASTOY.PNG',1983,NULL,''),(24,'SICA-TOYS','BE','Société belge fabriquant de jouet','SICA-TOYS.PNG',0,0,''),(25,'STENVAL','BE','Société laitières fondée en 1911 et située à Steenvoorde (Nord).\r\nSuite à son développement, la société est reprise par GERVAIS-DANAONE.','STENVAL.PNG',1967,NULL,'Au milieu des années 1960, la société Fermiers Réunis des Flandres, fondée en 1911 et située à Steenvoorde (Nord), prend le nom de STENVAL.\r\nSuite à son développement, la société est reprise par GERVAIS-DANAONE, groupe alimentaire qui fusionnera avec BSN en 1973.\r\nLa marque STENVAL disparaitra, ces produits étant dorénavant distribués sous le nom de DANONE. Les yaourts, les petits-suisses... eurent beaucoup de succès auprès des jeunes (et des moins jeunes...). Mais mon souvenir restera le dessert chocolaté BOOM qui était un lait géléifié au chocolat. A cette époque, ce dessert était tout nouveau et changeait par rapport aux autres produits laitiers, même si l\'arrivée des fruits dans les yaourts avait déjà été un bouleversement.'),(26,'TYCO','-','Fondée en 1970, Tyco sera racheté par Mattel en 1997','TYCO.PNG',1970,1997,''),(27,'VICMA','ES','Société portugaise','VICMA.PNG',NULL,NULL,''),(28,'WARNER BROS','US','Fondée en 1923, Warner Bros. Pictures est l\'une des plus grandes sociétés de production et de distribution au monde, pour le cinéma et la télévision.','WARNER.PNG',1923,NULL,''),(29,'JIM','FR','JIM ou Jouets Modernes Incassables est une société fondée en 1947. Cette entreprise familiale installée à Paris grandit rapidement grâce à l\'esprit commercial et innovateur de son fondateur.','JIM.PNG',1947,NULL,'http://www.chevalierdelenfance.com/chevaliers/chevaliers-en-plastique/14-chevaliers/chevaliers-en-plastique/254-jim\r\nJIM ou Jouets Modernes Incassables est une société fondée par Monsieur Roudié en 1947. Cette entreprise familiale installée à Paris grandit rapidement grâce à l\'esprit commercial et innovateur de son fondateur. Le logo de la marque est un losange contenant les lettres majuscules JIM sur lesquelles est superposé un spahi sur un cheval cabré, l\'une des premières pièces de qualité produite par la firme. La preuve de la vivacité des initiatives de Monsieur Roudié est qu\'il est le premier, en 1957, à avoir décroché un contrat avec \"Walt Disney Mickey House SA\" afin de produire et commercialiser en France des figurines issues des films et dessins animés Disney. Cette idée est communément appelée aujourd\'hui merchandising. Le Moyen-âge comporte 3 séries. La première fut lancée en 1962/63, la deuxième, en 1964. Les figurines de la deuxième série sont plus fines par rapport à celles bien en chair de la première, ce qui laisse supposer que deux sculpteurs différents les ont créées. Dans leur style différent, elles sont de belle facture avec des socles épais et solides. Les poses sont combattives. La peinture est standartisée notamment le socle en jaune sable, cependant il existe un schéma de peinture avec socle brun fonçé comme pour les fantassins romains et des couleurs différentes que celles qui décorent habituellement les chevaliers. Pour l\'anecdote, le sculpteur s\'est inspiré pour le cavalier avec pennon d\'un ouvrage sur les armures médiévales, édité au XIXième siècle. Pour la troisième série, Monsieur Roudié prolongea son idée d\'exclusivité et obtint les droits de production pour des figurines représentant les héros du feuilleton télévisé diffusé par l\' ORTF, en 1968/69 : \"Thibaud ou les Croisades\". Les aventures de Thibaud, fils d\'une princesse arabe et d\'un baron chrétien, accompagné de son fidèle compagnon, Blanchot, ont eu un succès retentissant auprès des gamins en culotte courte de l\'époque. La musique du générique composée par George Delerue est envoutante et donne vraiment envie de foncer au galop, cape et étendard au vent, sur les plaines désertiques. Les personnages sont à nouveau sculptés de manière inégale. Les épées sont particulièrement larges mais c\'est également le cas dans le feuilleton. Il y a peut-être une volonté de similitude. Sur le socle est gravé le nom du héros ou plus simplement \"les croisades\" pour les templiers et les sarrasins. Les guerriers sarrasins sont déclinés en plusieurs couleurs variées. Il existe une petite variante pour l\'unique cavalier sarrasin tirant à l\'arc avec ou sans flèche. Un seul cheval a été utilisé pour tous les cavaliers des 3 séries, revêtu soit d\'une robe blanche soit brun clair. (Ref: THOMAS, Alain, Historique des marques françaises, Tome I, Cyrnos et JIM, www.impribeau.be, 2013).'),(30,'CASTERMAN','BE','Casterman est une maison d\'édition de bande dessinée et de livres pour la jeunesse créée en 1777 à Tournai par Donat Casterman.','CASTERMAN.PNG',1977,0,''),(31,'KIDS CARTOON','FR','','KIDS CARTOON.PNG',0,0,''),(32,'EX.IN.CO','FR','EX.IN.CO était situé au 40avenue de la république PARIS XI\r\nTel : ROQ 7256\r\nUsines et services expedition : Maillard EXINCO\r\nNeufChatel en bray','EX.IN.CO.PNG',0,0,''),(33,'UNITED LABELS','DE','Société Allemande,créée en 1991, spécialiste de la vente de personnage de BD sous licence','UNITED LABELS.PNG',1991,0,''),(34,'SERI','FR','Seri France 57 Thionville','SERI.PNG',0,0,''),(35,'QUAKER OATS','US','Quaker Oats est née en 1901 de la fusion de quatre entreprises céréalières américaines. La société s’est ensuite développée dans de nombreux domaines, y compris les jouets, avec l’acquisition de Fisher-Price en 1969, revendue de 1991 à 1993 à Mattel.\r\n\r\nQuaker Oats a été achetée par Pepsico en 2001. Celui-ci convoitait alors la marque Gatorade, détenue par Quaker.','QUAKER OATS.PNG',1901,0,''),(36,'OLA','FR','Nom de la marque MIKO au Portugal','OLA.PNG',1920,0,''),(37,'YOSHINORI RINS','-','','',0,0,''),(38,'CONFISERIE BROCHET','-','','',0,0,''),(39,'CESAR','FR','Créée en 1842, la société familiale française CESAR a su devenir un acteur majeur sur le marché européen des produits festifs. A l’origine spécialisée dans la création de masques, l’entreprise a développé un grand savoir-faire dans la création de déguisements.','CESAR.PNG',0,0,'');
/*!40000 ALTER TABLE `editeurs` ENABLE KEYS */;
UNLOCK TABLES;

--
-- Table structure for table `membres`
--

DROP TABLE IF EXISTS `membres`;
/*!40101 SET @saved_cs_client     = @@character_set_client */;
/*!40101 SET character_set_client = utf8 */;
CREATE TABLE `membres` (
  `mbid` int(11) NOT NULL AUTO_INCREMENT,
  `mbusername` varchar(15) NOT NULL,
  `mbmail` varchar(35) NOT NULL,
  `mbuserpass` varchar(255) NOT NULL,
  `mbdate` date NOT NULL,
  `validation_sent` varchar(45) NOT NULL,
  `validation_received` varchar(45) DEFAULT NULL,
  `mbtype` varchar(45) NOT NULL DEFAULT 'USER',
  `mbnews` char(1) NOT NULL DEFAULT 'N',
  PRIMARY KEY (`mbid`),
  UNIQUE KEY `mbid` (`mbid`),
  UNIQUE KEY `mbalias_UNIQUE` (`mbusername`)
) ENGINE=InnoDB AUTO_INCREMENT=13 DEFAULT CHARSET=utf8;
/*!40101 SET character_set_client = @saved_cs_client */;

--
-- Dumping data for table `membres`
--

LOCK TABLES `membres` WRITE;
/*!40000 ALTER TABLE `membres` DISABLE KEYS */;
INSERT INTO `membres` VALUES (7,'chrysgan','chrysgan@gmail.com','f75dca3762fab0bcf6742e9328548766ee18ec42','2020-05-27','','5gjaNqW6vUw0NKmqPdTR','ADMIN','N'),(9,'rog','rogamn@gmail.com','86f7e437faa5a7fce15d1ddcb9eaeaea377667b8','2020-05-30','','0E2kMc8WW6PizB9vARqz','USER','O'),(10,'Antares','antares@live.ca','69473a75474211f89c5a0f3fe538c6c848714d39','2020-06-08','','TZq6Mm80nRoFS6uRzcvI','USER','O'),(11,'Gerardbd','gerardbd@skynet.be','8f0e42c0b90612ca69289a366e17c62fea5458db','2020-07-09','','1Rh3WG9vF1OxMMy97QbE','USER','N'),(12,'THG92','tgagnard@gmail.com','c9bd77fbafa6862847cd297f04d98c71734acb9f','2021-01-24','','BKRCDZ7zmFEIjxbGH1Yo','USER','O');
/*!40000 ALTER TABLE `membres` ENABLE KEYS */;
UNLOCK TABLES;

--
-- Table structure for table `objets`
--

DROP TABLE IF EXISTS `objets`;
/*!40101 SET @saved_cs_client     = @@character_set_client */;
/*!40101 SET character_set_client = utf8 */;
CREATE TABLE `objets` (
  `objid` int(11) NOT NULL AUTO_INCREMENT,
  `serid` int(11) DEFAULT NULL,
  `objnom` varchar(100) NOT NULL,
  `objtaille` double(6,2) DEFAULT NULL,
  `objdesc` text DEFAULT NULL,
  `objref` varchar(50) DEFAULT NULL,
  `objprix` double(6,2) DEFAULT -1.00,
  `ediid` int(11) NOT NULL,
  `typeid` int(11) NOT NULL,
  `objannee` int(11) DEFAULT NULL,
  `objmois` int(11) DEFAULT NULL,
  `objdatecreation` datetime NOT NULL DEFAULT current_timestamp(),
  `objdateupdate` datetime DEFAULT NULL,
  `objpoids` int(11) DEFAULT NULL,
  `rangement` varchar(45) DEFAULT NULL,
  `mt_achat` float DEFAULT NULL,
  `possede` int(11) DEFAULT NULL,
  `detail_sur_possession` text DEFAULT NULL,
  `objactif` tinyint(1) NOT NULL DEFAULT 0,
  PRIMARY KEY (`objid`),
  KEY `fk_series_idx` (`serid`),
  KEY `fk_editeurs_idx` (`ediid`),
  KEY `fk_type_idx` (`typeid`),
  CONSTRAINT `fk_editeurs` FOREIGN KEY (`ediid`) REFERENCES `editeurs` (`ediid`) ON DELETE NO ACTION ON UPDATE NO ACTION,
  CONSTRAINT `fk_series` FOREIGN KEY (`serid`) REFERENCES `series` (`serid`) ON DELETE NO ACTION ON UPDATE NO ACTION,
  CONSTRAINT `fk_type` FOREIGN KEY (`typeid`) REFERENCES `types` (`typeid`) ON DELETE NO ACTION ON UPDATE NO ACTION
) ENGINE=InnoDB AUTO_INCREMENT=1186 DEFAULT CHARSET=utf8;
/*!40101 SET character_set_client = @saved_cs_client */;

--
-- Dumping data for table `objets`
--

LOCK TABLES `objets` WRITE;
/*!40000 ALTER TABLE `objets` DISABLE KEYS */;
INSERT INTO `objets` VALUES (3,85,'Dupond canne à droite',8.00,'Chaine en maille\r\nInscriptions :\r\nSous le pied gauche : CE BULLY\r\nSous le pied droit : © HERGE','',-1.00,3,2,1990,0,'2020-05-26 23:02:51','2021-01-03 20:45:57',22,'BTE DELACRE BLEUE',3.5,1,'',1),(4,6,'Dupond canne à droite',8.00,'Inscriptions :\r\nSous le pied gauche : CE BULLY\r\nSous le pied droit : © HERGE',NULL,-1.00,3,1,1990,0,'2020-05-26 23:02:51','2021-01-26 15:51:32',18,'Trieur Plastique Vert',8,1,NULL,1),(5,6,'Dupont canne à gauche',8.00,'Inscriptions :\r\nSous le pied gauche : CE BULLY\r\nSous le pied droit : © HERGE','',-1.00,3,1,1990,0,'2020-05-26 23:02:51','2020-06-04 08:52:45',18,'Trieur Plastique Vert',8,1,'',1),(6,6,'Haddock',8.00,'Pipe et chaussures marron clair\r\nInscriptions :\r\nSous le pied gauche : CE BULLY\r\nSous le pied droit : © HERGE','',-1.00,3,1,1990,0,'2020-05-26 23:02:51','2020-06-04 08:53:31',16,'Trieur Plastique Vert',6,1,'',1),(8,6,'Tintin',8.00,'Chemise avec le col bleu\r\nInscriptions :\r\nSous le pied gauche : CE BULLY\r\nSous le pied droit : © HERGE','',-1.00,3,1,1990,0,'2020-05-26 23:02:51','2020-06-04 09:03:57',15,'Trieur Plastique Vert',6,1,'',1),(9,6,'Tournesol',7.80,'Inscriptions :\r\nSous le pied gauche : CE BULLY\r\nSous le pied droit : © HERGE\r\nPommeau de parapluie marron, Chaussures marron claires.\r\nEn 1993 pour l\'envoi de 3 codes barres de paquet de gateau LU Prince et un chèque de 20 francs, on reçoit cette figurine de Tournesol de BULLY 90.','',-1.00,3,1,1990,0,'2020-05-26 23:02:51','2020-06-11 18:53:13',18,'Trieur Plastique Vert',6,1,'',1),(12,7,'Haddock',8.00,'Plastique très dur et léger\r\nInscription dans le dos :\r\n© HERGE CE BULLYLAND MADE IN GERMANY 2','',-1.00,3,1,1990,0,'2020-05-26 23:02:51','2020-06-10 20:40:22',13,'Trieur Plastique Vert',11.75,1,'',1),(14,7,'Tintin',8.00,'Plastique très dur et léger\r\nChemise avec le col blanc\r\nCravate marron\r\nPantalon plus foncé que le BULLY normal\r\nInscription dans le dos :\r\n© HERGE CE BULLYLAND MADE IN GERMANY',NULL,-1.00,3,1,1990,0,'2020-05-26 23:02:51',NULL,13,'Trieur Plastique Vert',10,1,NULL,1),(15,7,'Tournesol',8.00,'Plastique très dur et léger\r\nPommeau parapluie noir\r\nChaussures plus foncées que le BULLY normal\r\nInscription dans le dos :\r\n© HERGE CE BULLYLAND MADE IN GERMANY 2',NULL,-1.00,3,1,1990,0,'2020-05-26 23:02:51',NULL,14,'Trieur Plastique Vert',9,1,NULL,1),(16,8,'Dupond canne à droite',8.00,'Chaussures plus foncées que le BULLY normal\r\nInscription dans le dos :\r\n© HERGE CE BULLYLAND MADE IN GERMANY 2',NULL,-1.00,3,1,1990,0,'2020-05-26 23:02:51',NULL,16,'Trieur Plastique Vert',5,1,NULL,1),(17,8,'Dupont canne à gauche',8.00,'Chaussures plus foncées que le BULLY normal\r\nInscription dans le dos :\r\n© HERGE CE BULLYLAND MADE IN GERMANY 3','',-1.00,3,1,1990,0,'2020-05-26 23:02:51','2020-06-11 18:50:07',17,'Trieur Plastique Vert',6.5,1,'',1),(18,8,'Haddock',8.00,'Pipe et chaussures plus foncées que le BULLY normal\r\nInscription dans le dos :\r\n© HERGE CE BULLYLAND MADE IN GERMANY 1','',-1.00,3,1,1990,0,'2020-05-26 23:02:51','2020-06-02 22:39:05',16,'Trieur Plastique Vert',5,1,'',1),(19,8,'Milou',3.50,'Inscription sur le flanc droit :\r\n© HERGE CE BULLYLAND MADE IN GERMANY','',-1.00,3,1,1990,0,'2020-05-26 23:02:51','2020-06-11 10:34:28',6,'',NULL,0,'',1),(21,8,'Tournesol (2)',8.00,'Pommeau parapluie noir\r\nChaussures plus foncées que le BULLY normal\r\nInscription dans le dos :\r\n© HERGE CE BULLYLAND MADE IN GERMANY 2','',-1.00,3,1,1990,0,'2020-05-26 23:02:51','2020-06-08 23:47:20',18,'Trieur Plastique Vert',8,1,'',1),(25,9,'Milou os jaune',3.50,'Inscription sur le flanc droit :\r\n© HERGE CE BULLY MADE IN GERMANY',NULL,-1.00,3,1,1990,0,'2020-05-26 23:02:51',NULL,6,'Trieur Plastique Vert',6,1,NULL,1),(26,9,'Milou Os jaune Tête penchée',3.50,'Inscription sur le flanc gauche :\r\n© HERGE CE BULLY MADE IN GERMANY','',-1.00,3,1,1990,0,'2020-05-26 23:02:51','2020-06-10 20:41:27',6,'Trieur Plastique Vert',1.5,1,'',1),(27,9,'Milou Os rose',3.50,'Inscription sur le flanc droit :\r\n© HERGE CE BULLY MADE IN GERMANY','',-1.00,3,1,1990,0,'2020-05-26 23:02:51','2020-06-11 18:57:30',6,'Trieur Plastique Vert',7.3,1,'',1),(28,9,'Tintin',8.00,'Chemise avec le col blanc\r\nCravate marron\r\nPantalon plus foncé que le BULLY normal\r\nInscription dans le dos :\r\n© HERGE CE BULLY MADE IN GERMANY 3\r\nexiste aussi avec le numero 5','',-1.00,3,1,1990,0,'2020-05-26 23:02:51','2021-02-14 20:09:51',15,'Trieur Plastique Vert',17.5,1,'',1),(30,86,'Tintin',8.00,'Chemise avec le col blanc\r\nCravate marron\r\nChaine en maille\r\nPantalon plus foncé que le BULLY normal\r\nInscription dans le dos :\r\n© HERGE CE BULLY MADE IN GERMANY','',-1.00,3,2,1990,0,'2020-05-26 23:02:51','2021-01-03 20:39:06',19,'BTE DELACRE BLEUE',3.99,1,'',1),(31,4,'Dupond canne à droite',6.00,'Canne amovible, il est donc rare de le trouver complet.','',-1.00,3,1,1977,0,'2020-05-30 23:03:06','2020-05-30 23:04:38',8,'Bois vitré avec cases',11,1,'',1),(32,4,'Dupont canne à gauche',6.00,'Canne amovible, il est donc rare de le trouver complet.','',-1.00,3,1,1977,0,'2020-05-30 23:03:06','2020-05-31 11:15:15',9,'Bois vitré avec cases',11,1,'',1),(33,4,'Haddock',6.00,'','',-1.00,3,1,1977,0,'2020-05-26 23:02:51','2020-12-30 19:08:34',9,'Bois vitré avec cases',10.2,1,'',1),(34,4,'Milou',3.00,'','',-1.00,3,1,1977,0,'2020-05-26 23:02:51','2020-05-31 11:15:36',3,'Bois vitré avec cases',7,1,'',1),(35,4,'Tintin à la valise',6.00,'','',-1.00,3,1,1977,0,'2020-05-26 23:02:51','2020-06-10 20:42:46',8,'Bois vitré avec cases',14.2,1,'',1),(36,4,'Tournesol',6.00,'','',-1.00,3,1,1977,0,'2020-05-26 23:02:51','2020-06-10 20:42:58',13,'Bois vitré avec cases',11.8,1,'',1),(38,10,'La Castafiore',9.00,'','cmk-figtin004',0.00,7,1,2011,10,'2020-05-26 23:02:51','2020-06-11 20:39:55',46,'Carton Volvo Grenier',5,1,'',1),(39,10,'Dupond et Dupont',8.50,'','cmk-figtin003',0.00,7,1,2011,10,'2020-05-26 23:02:51','2021-01-26 15:52:01',55,'Carton Volvo Grenier',5,1,'',1),(40,10,'Haddock',9.00,'','cmk-figtin002',0.00,7,1,2011,10,'2020-05-26 23:02:51','2020-06-11 20:39:30',35,'Carton Volvo Grenier',5,1,'',1),(41,10,'Haddoque',9.00,'','cmk-figtin005',0.00,7,1,2011,10,'2020-05-26 23:02:51','2020-06-11 20:37:55',51,'Carton Volvo Grenier',5,1,'',1),(42,10,'Rackham le Rouge',8.00,NULL,'cmk-figtin006',0.00,7,1,2011,10,'2020-05-26 23:02:51',NULL,43,'Carton Volvo Grenier',5,1,NULL,1),(43,10,'Tintin',9.00,NULL,'cmk-figtin001',0.00,7,1,2011,10,'2020-05-26 23:02:51',NULL,34,'Carton Volvo Grenier',3,1,NULL,1),(46,13,'Milou',4.50,NULL,NULL,-1.00,9,2,1995,0,'2020-05-26 23:02:51',NULL,17,'BTE DELACRE BLEUE',7,1,NULL,1),(47,13,'Tintin courant',7.50,NULL,NULL,-1.00,9,2,1995,0,'2020-05-26 23:02:51',NULL,22,'BTE DELACRE BLEUE',6,1,NULL,1),(48,13,'Tintin impermeable',9.00,NULL,NULL,-1.00,9,2,1995,0,'2020-05-26 23:02:51',NULL,35,'BTE DELACRE BLEUE',13,1,NULL,1),(49,13,'Tintin kilt',9.00,NULL,NULL,-1.00,9,2,1995,0,'2020-05-26 23:02:51',NULL,27,'BTE DELACRE BLEUE',13,1,NULL,1),(50,13,'Tintin randonneur',0.00,'','',-1.00,9,2,1995,0,'2020-05-26 23:02:51','2020-06-10 20:44:25',0,'',NULL,0,'',1),(57,5,'Haddock',15.00,'Dans un emballage cartonné','',-1.00,5,1,1979,0,'2020-05-31 09:28:34','2020-06-11 21:56:11',NULL,'',NULL,0,'',1),(58,5,'Milou',0.00,'','',-1.00,5,1,1979,0,'2020-05-31 09:28:34','2020-05-31 09:44:05',NULL,'',NULL,0,'',1),(59,5,'Tintin',13.00,'avec Milou dans un emballage cartonné',NULL,-1.00,5,1,1979,0,'2020-05-26 23:02:51',NULL,35,'Métal Delacre Licorne',7,1,'sans emballage manque pouce\r\nmanques de perintures',1),(60,5,'Tournesol',0.00,'dans un emballage cartonné','',-1.00,5,1,1979,0,'2020-05-31 10:20:46','2020-06-11 22:08:41',NULL,'',NULL,0,'',1),(61,12,'Tintin',27.00,'','',-1.00,5,5,1985,0,'2020-05-26 23:02:51','2020-06-11 22:19:15',103,'Bois Secrete Lotus Bleu',49,1,'',1),(62,16,'Dupond canne au bras droit',8.50,'Marqué au dos : © 84 HERGE / LOMBARD COMICS SPAIN CE.','',-1.00,5,1,1984,0,'2020-05-26 23:02:51','2020-06-11 00:13:51',20,'Trieur Plastique Vert',11.5,1,'',1),(63,16,'Dupont canne à la main gauche',8.50,'Marqué au dos : © 84 HERGE / LOMBARD COMICS SPAIN CE.','',-1.00,5,1,1984,0,'2020-05-26 23:02:51','2020-06-11 00:14:38',20,'Trieur Plastique Vert',10.5,1,'',1),(64,16,'Haddock',8.50,'Marqué au dos : © 84 HERGE / LOMBARD COMICS SPAIN CE.','',-1.00,5,1,1984,0,'2020-05-26 23:02:51','2020-06-11 22:22:07',22,'Trieur Plastique Vert',8.5,1,'',1),(65,16,'Milou',4.00,'Marqué au dos : HERGE © LOMBARD COMICS CE SPAIN','',-1.00,5,1,1984,0,'2020-05-26 23:02:51','2020-06-11 00:16:07',6,'Trieur Plastique Vert',8.5,1,'',1),(66,16,'Tintin chasseur jaune',7.50,'Marqué au dos : © 85 HERGE / LOMBARD COMICS SPAIN CE.','',-1.00,5,1,1984,0,'2020-05-26 23:02:51','2020-06-06 16:39:39',14,'Trieur Plastique Vert',15,1,'',1),(67,16,'Tintin chasseur rouge',7.50,'Marqué au dos : © 85 HERGE / LOMBARD COMICS SPAIN CE.','',-1.00,5,1,1984,0,'2020-05-26 23:02:51','2020-06-06 16:39:50',14,'Trieur Plastique Vert',15,1,'',1),(69,16,'Tintin pistolet cheveux jaune',7.50,'Marqué au dos : © 85 HERGE / LOMBARD COMICS SPAIN CE.','',-1.00,5,1,1984,0,'2020-05-26 23:02:51','2020-06-06 16:39:56',17,'Trieur Plastique Vert',10,1,'',1),(71,16,'Tintin randonnée rouge',7.50,'Marqué au dos : © 85 HERGE / LOMBARD COMICS SPAIN CE.','',-1.00,5,1,1985,0,'2020-05-26 23:02:51','2020-06-06 16:42:31',19,'Trieur Plastique Vert',23.5,1,'',1),(72,16,'Tintin randonnée vert',7.50,'Marqué au dos : © 85 HERGE / LOMBARD COMICS SPAIN CE.','',-1.00,5,1,1984,0,'2020-05-26 23:02:51','2020-06-06 16:40:06',19,'Trieur Plastique Vert',10.5,1,'',1),(73,16,'Tintin valise jaune',7.50,'Marqué au dos : © 85 HERGE / LOMBARD COMICS SPAIN CE.','',-1.00,5,1,1986,0,'2020-05-26 23:02:51','2020-06-11 22:24:13',17,'Trieur Plastique Vert',15,1,'',1),(74,16,'Tintin valise rouge',7.50,'Marqué au dos : © 85 HERGE / LOMBARD COMICS SPAIN CE.','',-1.00,5,1,1986,0,'2020-05-26 23:02:51','2020-06-11 22:24:21',17,'Trieur Plastique Vert',10,1,'',1),(75,16,'Tournesol',8.00,'Marqué au dos : © 84 HERGE / LOMBARD COMICS SPAIN CE.','',-1.00,5,1,1984,0,'2020-05-26 23:02:51','2020-06-06 16:40:24',30,'Trieur Plastique Vert',10,1,'',1),(76,92,'110 - Coco le petit Congolais',0.00,'','',12.99,19,1,2016,2,'2020-05-26 23:02:52','2020-06-05 10:56:58',0,'',12.99,0,'',1),(78,30,'Dupond canne à la main gauche',5.50,NULL,NULL,-1.00,5,1,1972,0,'2020-05-26 23:02:51',NULL,7,'Bois vitré avec cases',12.1,1,NULL,1),(79,30,'Dupont canne au bras droit',5.80,NULL,NULL,-1.00,5,1,1972,0,'2020-05-26 23:02:51',NULL,8,'Bois vitré avec cases',12.1,1,NULL,1),(80,30,'Haddock',6.00,NULL,NULL,-1.00,5,1,1972,0,'2020-05-26 23:02:51',NULL,8,'Bois vitré avec cases',10,1,NULL,1),(82,30,'Tintin',5.30,NULL,NULL,-1.00,5,1,1972,0,'2020-05-26 23:02:51',NULL,4,'Bois vitré avec cases',10,1,NULL,1),(83,30,'Tournesol',5.50,NULL,NULL,-1.00,5,1,1972,0,'2020-05-26 23:02:51',NULL,9,'Bois vitré avec cases',9.5,1,NULL,1),(85,20,'Laboratoire de Rastapopoulos',0.00,'350x250x200 mm autre nom : Le repaire sous marin de Rastapopoulos','',-1.00,12,7,1973,0,'2020-05-26 23:02:51','2020-06-10 08:26:48',0,'',NULL,0,'',1),(86,20,'Villa syldave Sprock',0.00,'Tiré de l\'album de Tintin \"Le lac aux requins\".\r\nSecond diorama du film constitué de 3 plaques carton, dimension de chaque plaque 50 X 45 cms;','',-1.00,12,7,1973,0,'2020-05-26 23:02:51','2020-06-10 08:26:38',0,'',NULL,0,'',1),(87,20,'La Castafiore',5.50,NULL,NULL,0.00,12,1,1973,0,'2020-05-26 23:02:51',NULL,8,'Bois vitré avec cases',21.5,1,NULL,1),(88,20,'Dupond',5.50,NULL,NULL,0.00,12,1,1973,0,'2020-05-26 23:02:51',NULL,6,'Bois vitré avec cases',7,1,NULL,1),(89,20,'Gustav',3.00,NULL,NULL,0.00,12,1,1973,0,'2020-05-26 23:02:51',NULL,5,'Bois vitré avec cases',3.5,1,NULL,1),(90,20,'Haddock',5.50,'Le Capitaine Haddock est le plus souvent sans sa pipe. Celle-ci étant fragile, les responsables des stations avaient reçu la consigne de la couper pour éviter les accidents avec les jeunes enfants.',NULL,0.00,12,1,1973,0,'2020-05-26 23:02:51',NULL,6,'Bois vitré avec cases',6,1,NULL,1),(91,20,'Milou',2.10,NULL,NULL,0.00,12,1,1973,0,'2020-05-26 23:02:51',NULL,2,'Bois vitré avec cases',11.5,1,NULL,1),(92,20,'Niko',4.50,NULL,NULL,0.00,12,1,1973,0,'2020-05-26 23:02:51',NULL,2,'Bois vitré avec cases',6.5,1,NULL,1),(93,20,'Nouchka',4.00,NULL,NULL,0.00,12,1,1973,0,'2020-05-26 23:02:51',NULL,3,'Bois vitré avec cases',6.5,1,NULL,1),(94,20,'Plongeur masque baissé',5.50,NULL,NULL,0.00,12,1,1973,0,'2020-05-26 23:02:51',NULL,3,'Bois vitré avec cases',8,1,NULL,1),(95,20,'Plongeur masque levé',6.00,NULL,NULL,0.00,12,1,1973,0,'2020-05-26 23:02:51',NULL,5,'Bois vitré avec cases',8,1,NULL,1),(96,20,'Rastapopoulos',4.70,NULL,NULL,0.00,12,1,1973,0,'2020-05-26 23:02:51',NULL,9,'Bois vitré avec cases',12,1,NULL,1),(97,20,'Tintin',5.50,NULL,NULL,0.00,12,1,1973,0,'2020-05-26 23:02:51',NULL,5,'Bois vitré avec cases',10.5,1,NULL,1),(98,20,'Tournesol',5.20,NULL,NULL,0.00,12,1,1973,0,'2020-05-26 23:02:51',NULL,3,'Bois vitré avec cases',5.5,1,NULL,1),(99,21,'La Castafiore',5.50,'','',0.00,12,1,1973,0,'2020-05-26 23:02:51','2020-06-06 21:35:19',8,'Bois vitré avec cases',11.5,1,'',1),(100,22,'La Castafiore',6.50,NULL,NULL,0.00,12,1,1974,0,'2020-05-26 23:02:51',NULL,10,'Boite Carton Moran’s',4.99,1,NULL,1),(101,22,'Dupont canne main droite',6.80,NULL,NULL,0.00,12,1,1974,0,'2020-05-26 23:02:51',NULL,7,NULL,3.99,0,NULL,1),(102,22,'Dupond canne main gauche',6.80,NULL,NULL,0.00,12,1,1974,0,'2020-05-26 23:02:51',NULL,7,'Boite Carton Moran’s',NULL,1,NULL,1),(103,22,'Gros Mechant',7.00,NULL,NULL,0.00,12,1,1974,0,'2020-05-26 23:02:51',NULL,10,'Boite Carton Moran’s',3.99,1,NULL,1),(104,22,'Gustav',3.50,NULL,NULL,0.00,12,1,1974,0,'2020-05-26 23:02:51',NULL,5,'Boite Carton Moran’s',5.99,1,NULL,1),(105,22,'Haddock',7.00,NULL,NULL,0.00,12,1,1974,0,'2020-05-26 23:02:51',NULL,5,'Boite Carton Moran’s',4.5,1,NULL,1),(109,22,'Mme Vlek',6.00,NULL,NULL,0.00,12,1,1974,0,'2020-05-26 23:02:51',NULL,12,'Boite Carton Moran’s',2.5,1,NULL,1),(110,22,'Niko',5.50,NULL,NULL,0.00,12,1,1974,0,'2020-05-26 23:02:51',NULL,3,'Boite Carton Moran’s',3.5,1,NULL,1),(113,22,'Rastapopoulos',6.00,NULL,NULL,0.00,12,1,1974,0,'2020-05-26 23:02:51',NULL,10,'Boite Carton Moran’s',3.99,1,NULL,1),(114,22,'Tintin',6.20,'','',0.00,12,1,1974,0,'2020-05-26 23:02:51','2020-06-06 21:41:55',3,'Boite Carton Moran’s',4,1,'',1),(115,22,'Tournesol',6.30,NULL,NULL,0.00,12,1,1974,0,'2020-05-26 23:02:51',NULL,5,'Boite Carton Moran’s',3,1,NULL,1),(116,23,'La Castafiore',6.50,NULL,NULL,0.00,12,1,1974,0,'2020-05-26 23:02:51',NULL,10,'Boite Carton Moran’s',4.5,1,NULL,1),(117,23,'Dupond canne main gauche',6.80,NULL,NULL,0.00,12,1,1974,0,'2020-05-26 23:02:51',NULL,7,'Boite Carton Moran’s',NULL,1,NULL,1),(119,23,'Gros Mechant',7.00,NULL,NULL,0.00,12,1,1974,0,'2020-05-26 23:02:51',NULL,10,'Boite Carton Moran’s',5.03,1,NULL,1),(120,23,'Gustav',3.50,NULL,NULL,0.00,12,1,1974,0,'2020-05-26 23:02:51',NULL,5,'Boite Carton Moran’s',3.5,1,NULL,1),(121,23,'Haddock',7.00,NULL,NULL,0.00,12,1,1974,0,'2020-05-26 23:02:51',NULL,5,'Boite Carton Moran’s',2.5,1,NULL,1),(122,23,'Lieutenant Ralph',6.50,NULL,NULL,0.00,12,1,1974,0,'2020-05-26 23:02:51',NULL,8,'Boite Carton Moran’s',4.49,1,NULL,1),(123,23,'Marin chauve',5.50,NULL,NULL,0.00,12,1,1974,0,'2020-05-26 23:02:51',NULL,3,'Boite Carton Moran’s',2.5,1,NULL,1),(125,23,'Mme Vlek',6.00,NULL,NULL,0.00,12,1,1974,0,'2020-05-26 23:02:51',NULL,12,'Boite Carton Moran’s',2.5,1,NULL,1),(127,23,'Nouchka',5.00,NULL,NULL,0.00,12,1,1974,0,'2020-05-26 23:02:51',NULL,3,'Boite Carton Moran’s',2.5,1,NULL,1),(129,23,'Rastapopoulos',6.00,NULL,NULL,0.00,12,1,1974,0,'2020-05-26 23:02:51',NULL,10,'Boite Carton Moran’s',2.5,1,NULL,1),(130,23,'Tintin',6.20,NULL,NULL,0.00,12,1,1974,0,'2020-05-26 23:02:51',NULL,3,NULL,NULL,0,NULL,1),(132,24,'La Castafiore',6.50,NULL,NULL,0.00,12,1,1974,0,'2020-05-26 23:02:51',NULL,10,'Boite Carton Moran’s',3.99,1,NULL,1),(133,24,'Dupont canne main droite',6.80,NULL,NULL,0.00,12,1,1974,0,'2020-05-26 23:02:51',NULL,7,'Boite Carton Moran’s',5,1,NULL,1),(134,24,'Dupond canne main gauche',6.80,NULL,NULL,0.00,12,1,1974,0,'2020-05-26 23:02:51',NULL,7,'Boite Carton Moran’s',5.52,1,NULL,1),(136,24,'Gustav',3.50,NULL,NULL,0.00,12,1,1974,0,'2020-05-26 23:02:51',NULL,5,'Boite Carton Moran’s',3.5,1,NULL,1),(137,24,'Haddock',7.00,NULL,NULL,0.00,12,1,1974,0,'2020-05-26 23:02:51',NULL,5,'Boite Carton Moran’s',2.1,1,NULL,1),(138,24,'Lieutenant Ralph',6.50,NULL,NULL,0.00,12,1,1974,0,'2020-05-26 23:02:51',NULL,8,'Boite Carton Moran’s',5,1,NULL,1),(139,24,'Marin chauve',5.50,NULL,NULL,0.00,12,1,1974,0,'2020-05-26 23:02:51',NULL,3,'Boite Carton Moran’s',2.5,1,NULL,1),(141,24,'Mme Vlek',6.00,NULL,NULL,0.00,12,1,1974,0,'2020-05-26 23:02:51',NULL,12,'Boite Carton Moran’s',4,1,NULL,1),(144,24,'Plongeur masque baissé',7.00,NULL,NULL,0.00,12,1,1974,0,'2020-05-26 23:02:51',NULL,6,'Boite Carton Moran’s',14.75,1,NULL,1),(145,24,'Rastapopoulos',6.00,NULL,NULL,0.00,12,1,1974,0,'2020-05-26 23:02:51',NULL,10,'Boite Carton Moran’s',2.5,1,NULL,1),(146,24,'Tintin',6.20,NULL,NULL,0.00,12,1,1974,0,'2020-05-26 23:02:51',NULL,3,'Boite Carton Moran’s',5.53,1,NULL,1),(147,24,'Tournesol',6.30,NULL,NULL,0.00,12,1,1974,0,'2020-05-26 23:02:51',NULL,5,'Boite Carton Moran’s',5.1,1,NULL,1),(151,25,'Gros Mechant',7.00,NULL,NULL,0.00,12,1,1974,0,'2020-05-26 23:02:51',NULL,10,'Boite Carton Moran’s',3.5,1,NULL,1),(156,25,'Milou',2.50,NULL,NULL,0.00,12,1,1974,0,'2020-05-26 23:02:51',NULL,2,'Boite Carton Moran’s',3.5,1,NULL,1),(157,25,'Mme Vlek',6.00,NULL,NULL,0.00,12,1,1974,0,'2020-05-26 23:02:51',NULL,12,'Boite Carton Moran’s',2.49,1,NULL,1),(161,25,'Rastapopoulos',6.00,NULL,NULL,0.00,12,1,1974,0,'2020-05-26 23:02:51',NULL,10,'Boite Carton Moran’s',3.5,1,NULL,1),(163,25,'Tournesol',6.30,NULL,NULL,0.00,12,1,1974,0,'2020-05-26 23:02:51',NULL,5,'Boite Carton Moran’s',3.99,1,NULL,1),(165,26,'Dupont canne main droite',6.80,NULL,NULL,0.00,12,1,1974,0,'2020-05-26 23:02:51',NULL,7,'Boite Carton Moran’s',4.5,1,NULL,1),(166,26,'Dupond canne main gauche',6.80,NULL,NULL,0.00,12,1,1974,0,'2020-05-26 23:02:51',NULL,7,'Boite Carton Moran’s',3.5,1,NULL,1),(167,26,'Gros Mechant',7.00,NULL,NULL,0.00,12,1,1974,0,'2020-05-26 23:02:51',NULL,10,'Boite Carton Moran’s',1.99,1,NULL,1),(168,26,'Gustav',3.50,NULL,NULL,0.00,12,1,1974,0,'2020-05-26 23:02:51',NULL,5,'Boite Carton Moran’s',2.5,1,NULL,1),(169,26,'Haddock',7.00,NULL,NULL,0.00,12,1,1974,0,'2020-05-26 23:02:51',NULL,5,'Boite Carton Moran’s',4.5,1,NULL,1),(171,26,'Marin chauve',5.50,NULL,NULL,0.00,12,1,1974,0,'2020-05-26 23:02:51',NULL,3,'Boite Carton Moran’s',3.5,1,NULL,1),(172,26,'Milou',2.50,NULL,NULL,0.00,12,1,1974,0,'2020-05-26 23:02:51',NULL,2,'Boite Carton Moran’s',5.99,1,NULL,1),(173,26,'Mme Vlek',6.00,NULL,NULL,0.00,12,1,1974,0,'2020-05-26 23:02:51',NULL,12,'Boite Carton Moran’s',3.99,1,NULL,1),(174,26,'Niko',5.50,NULL,NULL,0.00,12,1,1974,0,'2020-05-26 23:02:51',NULL,3,NULL,NULL,0,NULL,1),(175,26,'Nouchka',5.00,NULL,NULL,0.00,12,1,1974,0,'2020-05-26 23:02:51',NULL,3,'Boite Carton Moran’s',3.99,1,NULL,1),(177,26,'Rastapopoulos',6.00,NULL,NULL,0.00,12,1,1974,0,'2020-05-26 23:02:51',NULL,10,'Boite Carton Moran’s',3.25,1,NULL,1),(179,26,'Tournesol',6.30,NULL,NULL,0.00,12,1,1974,0,'2020-05-26 23:02:51',NULL,5,'Boite Carton Moran’s',3.5,1,NULL,1),(181,27,'Dupont canne main droite',6.80,NULL,NULL,0.00,12,1,1974,0,'2020-05-26 23:02:51',NULL,7,'Boite Carton Moran’s',3.99,1,NULL,1),(182,27,'Dupond canne main gauche',6.80,NULL,NULL,0.00,12,1,1974,0,'2020-05-26 23:02:51',NULL,7,'Boite Carton Moran’s',3.5,1,NULL,1),(185,27,'Haddock',7.00,NULL,NULL,0.00,12,1,1974,0,'2020-05-26 23:02:51',NULL,5,'Boite Carton Moran’s',3.5,1,NULL,1),(186,27,'Lieutenant Ralph',6.50,NULL,NULL,0.00,12,1,1974,0,'2020-05-26 23:02:51',NULL,8,'Boite Carton Moran’s',4.5,1,NULL,1),(187,27,'Marin chauve',5.50,NULL,NULL,0.00,12,1,1974,0,'2020-05-26 23:02:51',NULL,3,'Boite Carton Moran’s',4.5,1,NULL,1),(189,27,'Mme Vlek',6.00,NULL,NULL,0.00,12,1,1974,0,'2020-05-26 23:02:51',NULL,12,'Boite Carton Moran’s',4,1,NULL,1),(192,27,'Plongeur masque baissé',7.00,NULL,NULL,0.00,12,1,1974,0,'2020-05-26 23:02:51',NULL,6,'Boite Carton Moran’s',14.5,1,NULL,1),(193,27,'Rastapopoulos',6.00,NULL,NULL,0.00,12,1,1974,0,'2020-05-26 23:02:51',NULL,10,'Boite Carton Moran’s',2.5,1,NULL,1),(194,27,'Tournesol',6.30,NULL,NULL,0.00,12,1,1974,0,'2020-05-26 23:02:51',NULL,5,'Boite Carton Moran’s',1.99,1,NULL,1),(216,36,'Dupond canne au bras',5.80,NULL,NULL,-1.00,10,1,1980,1,'2020-05-26 23:02:51',NULL,6,'Bois vitré avec cases',5.34,1,'La canne est beaucoup plus foncé que dans l\'édition originales',1),(217,36,'Dupont canne à la main',5.50,NULL,NULL,-1.00,10,1,1980,1,'2020-05-26 23:02:51',NULL,5,'Bois vitré avec cases',5.33,1,'La canne est beaucoup plus foncé que dans l\'édition originales',1),(218,36,'Haddock',6.00,NULL,NULL,-1.00,10,1,1980,1,'2020-05-26 23:02:51',NULL,6,'Bois vitré avec cases',5.33,1,'Pantalon noir au lieu de bleu dans l\'édition originale.\r\nAncre sur le torse peinte',1),(219,36,'Milou',2.50,NULL,NULL,-1.00,10,1,1980,1,'2020-05-26 23:02:51',NULL,2,'Bois vitré avec cases',5.34,1,NULL,1),(220,36,'Tintin',5.30,NULL,NULL,-1.00,10,1,1980,1,'2020-05-26 23:02:51',NULL,4,'Bois vitré avec cases',5.33,1,'Pull plus foncé que sur l\'édition originale.\r\nPantalon marron, mais rouge dans la version originale',1),(221,36,'Tournesol',5.50,NULL,NULL,-1.00,10,1,1980,1,'2020-05-26 23:02:51',NULL,8,'Bois vitré avec cases',5.33,1,'Pommeau du parapluie noir dans l\'édition originale',1),(222,1,'Milou bout de crayon',5.00,'Bout de crayon\r\nMarquage : CE © HERGE 1994 TL LU','',0.00,1,1,1994,0,'2020-05-26 23:02:51','2020-06-04 20:23:59',7,'Trieur Plastique Vert',5,1,'',1),(223,1,'Dupont',7.30,'Marquage : CE © HERGE 1994 TL LU','',0.00,1,1,1994,0,'2020-05-26 23:02:51','2020-06-04 20:23:01',24,'Trieur Plastique Vert',6,1,'',1),(224,1,'Milou',2.50,'Marquage sur le ventre : CE © HERGE 1994 TL','',0.00,1,1,1994,0,'2020-05-26 23:02:51','2020-06-04 20:24:25',7,'Trieur Plastique Vert',6,1,'',1),(225,1,'Tintin',7.00,'Marquage : CE © HERGE 1994 TL LU','',0.00,1,1,1994,0,'2020-05-26 23:02:51','2020-06-04 20:24:39',23,'Trieur Plastique Vert',6,1,'',1),(226,1,'La fusée lunaire',5.00,'Marquage : LU','',0.00,1,2,1994,0,'2020-05-26 23:02:51','2020-06-09 19:38:12',7,'Trieur Plastique Vert',7.6,1,'',1),(227,2,'Haddock',8.00,'Marquage :\r\n- Pied droit : © HERGE\r\n- Pied gauche : 2 LU','',0.00,1,1,1993,0,'2020-05-26 23:02:51','2020-06-04 20:17:09',18,'Trieur Plastique Vert',6,1,'',1),(228,2,'Milou',2.50,'Marquage : LU © HERGE','',0.00,1,1,1993,0,'2020-05-26 23:02:51','2020-06-04 20:18:03',2,'Trieur Plastique Vert',4,1,'',1),(229,2,'Tintin',7.50,'Marquage :\r\n- Pied droit : © HERGE\r\n- Pied gauche : 8 LU','',0.00,1,1,1993,0,'2020-05-26 23:02:51','2020-06-04 20:18:45',8,'Trieur Plastique Vert',8,1,'',1),(233,37,'Dupond canne à gauche',9.00,'Figurines indissociables (par 2) représentant Dupond et Dupont. L\'un tenant un crayon (d\'origine) dans sa main gauche et l\'autre tenant un porte document (dépliable contenant des jeux) de sa main droite. Les bras des Dupondt tenant chacun leur objet ne sont pas fixes. Sous le pied gauche du Dupond tenant le crayon est noté 886. Sous le pied gauche du Dupont tient le porte-document est noté 386. Noté dans le dos de chacune des figurines, sous la vis (permettant au bras de bouger) : 2011 PPC/CPII. Made for Mc Donald\'s 2011. Made in China TRC.','',0.00,17,1,2011,1,'2020-05-26 23:02:51','2021-01-14 23:08:58',14,'Bte Adidas',2.9,1,'accessoires non possédés',1),(257,38,'Castafiore chante',8.50,'','42402',4.95,19,1,2002,9,'2020-05-26 23:02:52','2020-06-05 13:52:27',45,'BTE FER DELACRE JAUNE',6,1,'',1),(258,38,'Dupont eventail fermé',8.20,'','42405',4.95,19,1,2002,9,'2020-05-26 23:02:52','2020-06-05 13:57:15',20,'BTE FER DELACRE JAUNE',6,1,'',1),(259,38,'Dupond eventail ouvert',8.20,'','42404',4.95,19,1,2002,9,'2020-05-26 23:02:52','2020-06-05 13:56:30',19,'BTE FER DELACRE JAUNE',6,1,'',1),(260,38,'La fusée lunaire',8.80,'','42399',4.95,19,1,2002,9,'2020-05-26 23:02:52','2020-06-09 19:37:46',11,'BTE FER DELACRE JAUNE',6,1,'',1),(261,38,'Haddock Jumelles',8.80,'','42401',4.95,19,1,2002,9,'2020-05-26 23:02:52','2020-06-05 13:51:58',20,'BTE FER DELACRE JAUNE',6,1,'',1),(262,38,'Milou',3.80,'Milou est exactement le même que celui édité en 1994 par Plastoy.','42389',4.95,19,1,2002,9,'2020-05-26 23:02:52','2020-06-05 14:40:44',5,'BTE FER DELACRE JAUNE',6,1,'',1),(263,38,'Tintin Poches',8.00,'','42400',4.95,19,1,2002,9,'2020-05-26 23:02:52','2020-06-05 13:51:26',10,'BTE FER DELACRE JAUNE',7,1,'',1),(264,38,'Tournesol Regarde',7.80,'','42403',4.95,19,1,2002,9,'2020-05-26 23:02:52','2020-06-05 13:56:02',22,'BTE FER DELACRE JAUNE',6,1,'',1),(266,38,'Tintin portant Milou',7.70,'Cette version etiquettée Editions Atlas est la même.','42411',4.95,19,1,2003,12,'2020-05-26 23:02:52','2020-06-05 14:42:24',20,'BTE FER DELACRE JAUNE',7,1,'',1),(267,39,'Le Fétiche',6.80,'Le fétiche est exactement le même que celui édité en 1994 par Plastoy.','42398',4.95,19,1,2002,9,'2020-05-26 23:02:52','2020-06-05 14:40:14',8,'BTE FER DELACRE JAUNE',6,1,'',1),(268,39,'Potiche Lotus bleu',6.80,'','42414',9.50,19,1,2004,9,'2020-05-26 23:02:52','2020-06-05 13:49:48',42,'BTE FER DELACRE JAUNE',8,1,'',1),(269,40,'Haddock Lune',8.50,'','42417',8.00,19,1,2005,2,'2020-05-26 23:02:52','2020-06-05 14:01:22',40,'BTE FER DELACRE JAUNE',6,1,'',1),(270,40,'Milou Aimanté',5.50,'','42413',6.75,19,1,2004,5,'2020-05-26 23:02:52','2020-06-05 14:01:09',21,'BTE FER DELACRE JAUNE',6,1,'',1),(271,40,'Milou Lune',3.00,'','42418',5.00,19,1,2005,2,'2020-05-26 23:02:52','2020-06-05 14:02:05',11,'BTE FER DELACRE JAUNE',6,1,'',1),(272,40,'Tintin Lune',8.00,'','42416',8.00,19,1,2005,2,'2020-05-26 23:02:52','2020-06-05 14:01:47',32,'BTE FER DELACRE JAUNE',6,1,'',1),(273,41,'Champignon',4.20,'','42432',4.95,19,1,2010,6,'2020-05-31 10:25:24','2020-06-05 15:38:33',24,'',NULL,0,'',1),(274,41,'Haddock au rallye',9.00,'','42430',4.95,19,1,2010,6,'2020-05-26 23:02:52','2020-06-05 15:40:14',23,'BTE FER DELACRE JAUNE',5,1,'doute sur la date certains site \r\n09/2011\r\n06/2010',1),(277,42,'Champignon',2.50,'','42442',4.95,19,1,2010,6,'2020-05-31 10:25:24','2020-06-26 19:15:46',0,'BTE FER DELACRE JAUNE',3.4,1,'',1),(278,42,'Haddock au rallye',0.00,'','42440',4.95,19,1,2010,6,'2020-05-31 10:34:41','2020-06-05 16:13:30',0,'',NULL,0,'',1),(281,41,'Dupont, canne à la main droite',8.50,'','42445',4.95,19,1,2010,12,'2020-05-31 10:34:41','2021-01-15 08:20:06',18,'BTE FER DELACRE JAUNE',5.63,1,'prix avec frais de port\r\nprix original 2.99',1),(282,41,'La fusée lunaire',8.20,'','42433',4.95,19,1,2009,12,'2020-05-31 10:39:44','2020-06-05 15:41:25',12,'',NULL,0,'',1),(283,41,'Tintin assis Tibet',5.50,'','42444',4.95,19,1,2010,12,'2020-05-26 23:02:52','2020-06-05 15:42:15',22,'BTE FER DELACRE JAUNE',5,1,'',1),(284,92,'109 - Tharkey le fidèle sherpa',0.00,'','',12.99,19,1,2016,2,'2020-05-26 23:02:52','2020-06-05 10:57:27',0,'',12.99,0,'',1),(285,41,'Tournesol Valise',8.20,'','42446',4.95,19,1,2010,12,'2020-05-26 23:02:52','2020-06-05 15:43:14',25,'BTE FER DELACRE JAUNE',5.9,1,'',1),(286,42,'La fusée lunaire',0.00,'','42443',4.95,19,1,2010,12,'2020-05-31 10:39:44','2020-06-05 16:14:47',0,'',NULL,0,'',1),(287,42,'Tintin assis au tibet',0.00,'','42450',4.95,19,1,2010,12,'2020-05-31 10:43:16','2020-06-05 16:15:00',0,'',NULL,0,'',1),(316,89,'La fusée lunaire',17.00,'','42615',29.95,19,1,2015,8,'2020-05-31 10:43:16','2020-06-06 13:51:59',74,'',NULL,0,'',1),(345,57,'Milou',3.00,NULL,NULL,-1.00,22,1,1992,0,'2020-05-26 23:02:52',NULL,1,'Trieur Plastique Vert',1,1,NULL,1),(346,58,'Docteur Finney',3.00,NULL,NULL,-1.00,22,1,1992,0,'2020-05-26 23:02:52',NULL,1,'Trieur Plastique Vert',1,1,NULL,1),(347,58,'Dupond bras espacé',3.00,NULL,NULL,-1.00,22,1,1992,0,'2020-05-26 23:02:52',NULL,1,'Trieur Plastique Vert',1,1,NULL,1),(348,58,'Nestor',3.00,NULL,NULL,-1.00,22,1,1992,0,'2020-05-26 23:02:52',NULL,1,'Trieur Plastique Vert',1,1,NULL,1),(349,59,'Docteur Finney',3.00,NULL,NULL,-1.00,22,1,1992,0,'2020-05-26 23:02:52',NULL,1,'Trieur Plastique Vert',1,1,NULL,1),(350,59,'Dupond Canne Main',3.00,NULL,NULL,-1.00,22,1,1992,0,'2020-05-26 23:02:52',NULL,1,'Trieur Plastique Vert',1,1,NULL,1),(351,59,'Tintin',3.00,NULL,NULL,-1.00,22,1,1992,0,'2020-05-26 23:02:52',NULL,1,'Trieur Plastique Vert',1,1,NULL,1),(352,59,'Tournesol',3.00,NULL,NULL,-1.00,22,1,1992,0,'2020-05-26 23:02:52',NULL,1,'Trieur Plastique Vert',1,1,NULL,1),(397,66,'Tintin',9.50,'Figurine vendue uniquement dans le coffret Licoren','',-2.00,23,1,2011,10,'2020-05-30 23:10:57','2020-06-10 19:17:40',33,'Carton Weber Grenier',0.37,1,'',1),(398,67,'Tintin Moto',9.00,'','',-1.00,23,1,2011,10,'2020-05-30 23:47:49','2020-06-11 23:15:40',183,'Carton Weber Grenier',3.99,1,'',1),(400,69,'Allan',6.00,'','',-1.00,23,1,2011,10,'2020-05-30 23:47:49','2020-05-31 00:14:10',9,'Carton Weber Grenier',0.37,1,'',1),(401,69,'Dupond Canne à la main',5.80,'','',-1.00,23,1,2011,10,'2020-05-30 23:51:24','2020-05-31 00:14:30',5,'Carton Weber Grenier',0.37,1,'',1),(402,69,'Dupont Canne au bras',6.00,'','',-1.00,23,1,2011,10,'2020-05-30 23:51:24','2020-05-31 00:14:45',6,'Carton Weber Grenier',0.37,1,'',1),(403,69,'Haddock',6.00,'','',-1.00,23,1,2011,10,'2020-05-31 00:06:21','2020-05-31 00:15:02',6,'Carton Weber Grenier',0.37,1,'',1),(404,69,'Hadoque',6.00,'','',-1.00,23,1,2011,10,'2020-05-31 00:06:21','2020-05-31 00:15:16',7,'Carton Weber Grenier',0.37,1,'',1),(405,69,'Milou',2.00,'','',-1.00,23,1,2011,10,'2020-05-31 00:08:26','2020-05-31 00:15:31',1,'Carton Weber Grenier',0.37,1,'',1),(406,69,'Rackham Le Rouge',6.30,'','',-1.00,23,1,2011,10,'2020-05-31 00:08:26','2020-05-31 00:15:47',8,'Carton Weber Grenier',0.37,1,'',1),(407,69,'Sakharine',6.00,'','',-1.00,23,1,2011,10,'2020-05-31 00:10:19','2020-05-31 00:16:01',5,'Carton Weber Grenier',0.37,1,'',1),(408,69,'Tintin',5.50,'','',-1.00,23,1,2011,10,'2020-05-31 00:10:19','2020-05-31 00:16:25',4,'Carton Weber Grenier',2.99,1,'',1),(409,70,'La Castafiore',8.50,NULL,NULL,6.00,23,1,1994,0,'2020-05-26 23:02:52',NULL,34,'Trieur Plastique Vert',5,1,NULL,1),(410,70,'Dupond à la loupe',8.50,NULL,NULL,6.00,23,1,1994,0,'2020-05-26 23:02:52',NULL,20,'Trieur Plastique Vert',5,1,NULL,1),(411,70,'Dupont au pistolet',8.50,NULL,NULL,6.00,23,1,1994,0,'2020-05-26 23:02:52',NULL,20,'Trieur Plastique Vert',5,1,NULL,1),(412,70,'Le Fétiche',7.00,NULL,NULL,6.00,23,1,1994,0,'2020-05-26 23:02:52',NULL,8,'Trieur Plastique Vert',5,1,NULL,1),(413,70,'La fusée lunaire',7.00,'','',6.00,23,1,1994,0,'2020-05-26 23:02:52','2020-06-09 20:23:59',7,'Trieur Plastique Vert',11.45,1,'',1),(414,70,'Haddock',8.50,NULL,NULL,6.00,23,1,1994,0,'2020-05-26 23:02:52',NULL,30,'Trieur Plastique Vert',5,1,NULL,1),(415,70,'Milou',4.00,NULL,NULL,6.00,23,1,1994,0,'2020-05-26 23:02:52',NULL,5,'Trieur Plastique Vert',7,1,NULL,1),(416,70,'Nestor',8.50,NULL,NULL,6.00,23,1,1994,0,'2020-05-26 23:02:52',NULL,20,'Trieur Plastique Vert',5,1,NULL,1),(417,70,'Tintin',8.00,NULL,NULL,6.00,23,1,1994,0,'2020-05-26 23:02:52',NULL,17,'Trieur Plastique Vert',5,1,NULL,1),(418,70,'Tintin Kilt',8.50,NULL,NULL,6.00,23,1,1994,0,'2020-05-26 23:02:52',NULL,17,'Trieur Plastique Vert',5,1,NULL,1),(419,70,'Tournesol',7.50,NULL,NULL,6.00,23,1,1994,0,'2020-05-26 23:02:52',NULL,20,'Trieur Plastique Vert',5,1,NULL,1),(423,3,'Dupond canne à droite',6.50,'Inscription\r\n- sous le pied droit : HERGE 1985 ©\r\n- sous le pied gauche : SCHLEICH logo 2','',-1.00,2,1,1985,0,'2020-05-26 23:02:52','2020-06-06 18:34:06',13,'Trieur Plastique Vert',4,1,'',1),(424,3,'Dupont canne à gauche',6.50,'Inscription\r\n- sous le pied droit : HERGE 1985 ©\r\n- sous le pied gauche : SCHLEICH logo 3','',-1.00,2,1,1985,0,'2020-05-26 23:02:52','2020-06-06 18:34:12',11,'Trieur Plastique Vert',4,1,'',1),(425,3,'Haddock',6.50,'Inscription\r\n- sous le pied droit : HERGE 1985 © SCHLEICH puis le logo\r\n- sous le pied gauche : W.GERMANY 4','',-1.00,2,1,1985,0,'2020-05-26 23:02:52','2020-06-06 18:34:18',14,'Trieur Plastique Vert',4,1,'',1),(426,3,'Milou',4.00,'Inscription sous le ventre\r\n- SCHLEICH puis le logo © HERGE 1985','',-1.00,2,1,1985,0,'2020-05-26 23:02:52','2020-06-06 18:34:23',7,'Trieur Plastique Vert',4,1,'',1),(427,3,'Tintin',5.50,'Inscription\r\n- sous le pied droit : © HERGE 1985\r\n- sous le pied gauche : W.GERMANY 2 SCHLEICH puis le logo','',-1.00,2,1,1985,0,'2020-05-26 23:02:52','2020-06-06 18:34:28',13,'Trieur Plastique Vert',4,1,'',1),(428,3,'Tournesol',6.50,'Inscription\r\n- sous le pied droit : HERGE 1985 ©\r\n- sous le pied gauche : W.GERMANY 2 SCHLEICH puis le logo','',-1.00,2,1,1985,0,'2020-05-26 23:02:52','2021-01-12 20:47:22',15,'Trieur Plastique Vert',4,1,'',1),(435,73,'Allan',3.00,NULL,NULL,0.00,25,1,1971,0,'2020-05-26 23:02:52',NULL,1,'Bois vitré avec cases',3.51,1,NULL,1),(441,73,'L\'Emir',3.00,NULL,NULL,0.00,25,1,1971,0,'2020-05-26 23:02:52',NULL,1,'Bois vitré avec cases',4.99,1,NULL,1),(445,73,'Nestor',3.00,NULL,NULL,0.00,25,1,1971,0,'2020-05-26 23:02:52',NULL,1,'Bois vitré avec cases',3.51,1,NULL,1),(452,73,'Wang',3.00,NULL,NULL,0.00,25,1,1971,0,'2020-05-26 23:02:52',NULL,1,'Bois vitré avec cases',4.01,1,NULL,1),(456,74,'La Castafiore',3.00,NULL,NULL,0.00,25,1,1971,0,'2020-05-26 23:02:52',NULL,1,'Bois vitré avec cases',5.49,1,NULL,1),(458,74,'Dupond bras espacé',3.00,NULL,NULL,0.00,25,1,1971,0,'2020-05-26 23:02:52',NULL,1,'Bois vitré avec cases',5.5,1,NULL,1),(462,74,'Le colonel',3.00,NULL,NULL,0.00,25,1,1971,0,'2020-05-26 23:02:52',NULL,1,'Bois vitré avec cases',4.5,1,NULL,1),(474,75,'Abdalah',3.00,NULL,NULL,0.00,25,1,1971,0,'2020-05-26 23:02:52',NULL,1,'Bois vitré avec cases',5,1,NULL,1),(475,75,'Allan',3.00,NULL,NULL,0.00,25,1,1971,0,'2020-05-26 23:02:52',NULL,1,'Bois vitré avec cases',4.01,1,NULL,1),(476,75,'La Castafiore',3.00,NULL,NULL,0.00,25,1,1971,0,'2020-05-26 23:02:52',NULL,1,'Bois vitré avec cases',4,1,NULL,1),(477,75,'Docteur Finney',3.00,NULL,NULL,0.00,25,1,1971,0,'2020-05-26 23:02:52',NULL,1,'Bois vitré avec cases',4,1,NULL,1),(479,75,'Dupont bras collé',3.00,NULL,NULL,0.00,25,1,1971,0,'2020-05-26 23:02:52',NULL,1,'Bois vitré avec cases',5.5,1,NULL,1),(480,75,'Haddock',3.00,NULL,NULL,0.00,25,1,1971,0,'2020-05-26 23:02:52',NULL,1,'Bois vitré avec cases',5,1,NULL,1),(482,75,'Le colonel',3.00,NULL,NULL,0.00,25,1,1971,0,'2020-05-26 23:02:52',NULL,1,'Bois vitré avec cases',4.49,1,NULL,1),(486,75,'Oliveira Da Figueira',3.00,NULL,NULL,0.00,25,1,1971,0,'2020-05-26 23:02:52',NULL,1,'Bois vitré avec cases',4,1,NULL,1),(487,75,'Philemon Siclone',3.00,NULL,NULL,0.00,25,1,1971,0,'2020-05-26 23:02:52',NULL,1,'Bois vitré avec cases',4,1,NULL,1),(488,75,'Rackham le Rouge',3.00,NULL,NULL,0.00,25,1,1971,0,'2020-05-26 23:02:52',NULL,1,'Bois vitré avec cases',NULL,1,NULL,1),(489,75,'Rastapopoulos',3.00,NULL,NULL,0.00,25,1,1971,0,'2020-05-26 23:02:52',NULL,1,'Bois vitré avec cases',4,1,NULL,1),(490,75,'Tintin',3.00,NULL,NULL,0.00,25,1,1971,0,'2020-05-26 23:02:52',NULL,1,'Bois vitré avec cases',5.5,1,NULL,1),(491,75,'Tournesol',3.00,NULL,NULL,0.00,25,1,1971,0,'2020-05-26 23:02:52',NULL,1,'Bois vitré avec cases',4,1,NULL,1),(493,75,'Zorrino',3.00,NULL,NULL,0.00,25,1,1971,0,'2020-05-26 23:02:52',NULL,1,'Bois vitré avec cases',4,1,NULL,1),(494,76,'Abdalah',3.00,NULL,NULL,0.00,25,1,1971,0,'2020-05-26 23:02:52',NULL,1,'Bois vitré avec cases',5,1,NULL,1),(495,76,'Allan',3.00,NULL,NULL,0.00,25,1,1971,0,'2020-05-26 23:02:52',NULL,1,'Bois vitré avec cases',5,1,NULL,1),(499,76,'Dupont bras collé',3.00,NULL,NULL,0.00,25,1,1971,0,'2020-05-26 23:02:52',NULL,1,NULL,NULL,0,NULL,1),(500,76,'Haddock',3.00,NULL,NULL,0.00,25,1,1971,0,'2020-05-26 23:02:52',NULL,1,'Bois vitré avec cases',5,1,NULL,1),(502,76,'Le colonel',3.00,NULL,NULL,0.00,25,1,1971,0,'2020-05-26 23:02:52',NULL,1,'Bois vitré avec cases',4,1,NULL,1),(504,76,'Milou',3.00,NULL,NULL,0.00,25,1,1971,0,'2020-05-26 23:02:52',NULL,1,'Bois vitré avec cases',4,1,NULL,1),(506,76,'Oliveira Da Figueira',3.00,NULL,NULL,0.00,25,1,1971,0,'2020-05-26 23:02:52',NULL,1,'Bois vitré avec cases',4,1,NULL,1),(512,76,'Wang',3.00,NULL,NULL,0.00,25,1,1971,0,'2020-05-26 23:02:52',NULL,1,'Bois vitré avec cases',4,1,NULL,1),(523,77,'Le fakir',3.00,NULL,NULL,0.00,25,1,1971,0,'2020-05-26 23:02:52',NULL,1,'Bois vitré avec cases',5.5,1,NULL,1),(525,77,'Nestor',3.00,NULL,NULL,0.00,25,1,1971,0,'2020-05-26 23:02:52',NULL,1,'Bois vitré avec cases',6,1,NULL,1),(527,77,'Philemon Siclone',3.00,NULL,NULL,0.00,25,1,1971,0,'2020-05-26 23:02:52',NULL,1,'Bois vitré avec cases',2.99,1,NULL,1),(529,77,'Rastapopoulos',3.00,NULL,NULL,0.00,25,1,1971,0,'2020-05-26 23:02:52',NULL,1,'Bois vitré avec cases',5.5,1,NULL,1),(539,78,'Dupont bras collé',3.00,NULL,NULL,0.00,25,1,1971,0,'2020-05-26 23:02:52',NULL,1,'Bois vitré avec cases',4.5,1,NULL,1),(542,78,'Le colonel',3.00,NULL,NULL,0.00,25,1,1971,0,'2020-05-26 23:02:52',NULL,1,'Bois vitré avec cases',2.3,1,NULL,1),(546,78,'Oliveira Da Figueira',3.00,NULL,NULL,0.00,25,1,1971,0,'2020-05-26 23:02:52',NULL,1,'Bois vitré avec cases',2.3,1,'Peut-etre pas un vrai,\r\npas d\'inscription dans le dos',1),(553,78,'Zorrino',3.00,NULL,NULL,0.00,25,1,1971,0,'2020-06-02 22:04:20',NULL,1,'Bois vitré avec cases',2.3,1,NULL,1),(554,79,'Abdalah',3.00,NULL,NULL,0.00,25,1,1971,0,'2020-05-26 23:02:52',NULL,1,'Bois vitré avec cases',2.3,1,NULL,1),(556,79,'La Castafiore',3.00,NULL,NULL,0.00,25,1,1971,0,'2020-05-26 23:02:52',NULL,1,'Bois vitré avec cases',2.3,1,NULL,1),(559,79,'Dupont bras collé',3.00,NULL,NULL,0.00,25,1,1971,0,'2020-05-26 23:02:52',NULL,1,'Bois vitré avec cases',6,1,NULL,1),(560,79,'Haddock',3.00,NULL,NULL,0.00,25,1,1971,0,'2020-05-26 23:02:52',NULL,1,'Bois vitré avec cases',5,1,NULL,1),(561,79,'L\'Emir',3.00,NULL,NULL,0.00,25,1,1971,0,'2020-05-26 23:02:52',NULL,1,'Bois vitré avec cases',5,1,NULL,1),(562,79,'Le colonel',3.00,NULL,NULL,0.00,25,1,1971,0,'2020-05-26 23:02:52',NULL,1,'Bois vitré avec cases',6,1,NULL,1),(563,79,'Le fakir',3.00,NULL,NULL,0.00,25,1,1971,0,'2020-05-26 23:02:52',NULL,1,'Bois vitré avec cases',2.3,1,NULL,1),(565,79,'Nestor',3.00,NULL,NULL,0.00,25,1,1971,0,'2020-05-26 23:02:52',NULL,1,'Bois vitré avec cases',6,1,NULL,1),(567,79,'Philemon Siclone',3.00,NULL,NULL,0.00,25,1,1971,0,'2020-05-26 23:02:52',NULL,1,'Bois vitré avec cases',6,1,NULL,1),(568,79,'Rackham le Rouge',3.00,NULL,NULL,0.00,25,1,1971,0,'2020-05-26 23:02:52',NULL,1,'Bois vitré avec cases',4.49,1,NULL,1),(571,79,'Tournesol',3.00,NULL,NULL,0.00,25,1,1971,0,'2020-05-26 23:02:52',NULL,1,'Bois vitré avec cases',6,1,NULL,1),(582,93,'03 - Tintin cycliste et Milou à Shanghai',0.00,'','29392/42170',24.99,19,1,2014,3,'2020-05-26 23:02:52','2021-01-26 22:41:04',0,'',24.99,0,'',1),(588,4,'Tintin à la valise non peint',6.00,NULL,NULL,-2.00,3,1,1977,0,'2020-05-26 23:02:51',NULL,8,NULL,NULL,0,NULL,1),(589,4,'Haddock non peint',6.00,NULL,NULL,-2.00,3,1,1977,0,'2020-05-26 23:02:51',NULL,9,NULL,NULL,0,NULL,1),(602,52,'Haddock bouteille vide',8.00,'Cette scène est issue de l’album Tintin au tibet, page 26, B2','42515',5.90,19,1,2020,1,'2020-05-31 11:00:27','2020-06-06 14:40:03',0,'BTE FER DELACRE JAUNE',5.5,1,NULL,1),(606,55,'Haddock cosmonaute',8.50,'','42507',5.90,19,1,2019,3,'2020-05-31 11:00:27','2020-06-06 14:47:56',40,'',NULL,0,'',1),(614,95,'Milou',6.00,'','42491',9.95,19,1,2017,12,'2020-05-31 11:03:12','2020-06-05 18:38:34',0,'',NULL,0,'',1),(638,95,'Haddock',7.50,'','42478',9.95,19,1,2017,12,'2020-05-31 11:03:12','2020-06-05 18:38:27',0,'',NULL,0,'',1),(639,95,'Dupont',7.50,'','42492',9.95,19,1,2017,12,'2020-05-31 11:07:00','2020-06-05 18:38:18',0,'',NULL,0,'',1),(640,95,'Dupond',7.50,'','42493',9.95,19,1,2017,12,'2020-05-31 11:07:00','2020-06-05 18:37:44',0,'',NULL,0,'',1),(672,93,'04 - Tintin cinéaste et Milou au Congo',0.00,'','29393/42171',24.99,19,1,2014,6,'2020-05-26 23:02:52','2021-01-26 22:40:49',0,'',24.99,0,'',1),(673,93,'05 - Tintin en toge et Milou en Inde',0.00,'','29394/42172',24.99,19,1,2014,10,'2020-05-26 23:02:52','2021-01-26 22:40:33',0,'en attente rangement Bureau',43.3,1,'',1),(674,92,'107 - Le Fakir Cipaçalouvishni',0.00,'','42215',12.99,19,1,2016,1,'2020-05-26 23:02:52','2020-06-09 00:30:49',0,'',12.99,0,'',1),(675,93,'01 - Tintin aviateur et Milou à Berlin',0.00,'Issu de l\'album Tintin au pays des soviets page 128 (FS)','29390/42168',24.99,19,1,2013,10,'2020-05-26 23:02:52','2021-01-26 22:41:25',0,'Carton Weber Grenier',24.99,1,'',1),(676,93,'02 - Tintin cow-boy et Milou en Amérique',0.00,'Issu de l\'album Tintin en Amérique page 32 (FS)','29391/42169',24.99,19,1,2013,12,'2020-05-26 23:02:52','2021-01-26 22:41:15',0,'Carton Weber Grenier',24.99,1,'',1),(677,93,'06 - Tintin en action et Milou en Belgique',0.00,'','29395/42173',24.99,19,1,2014,12,'2020-05-26 23:02:52','2021-01-26 22:41:39',0,'',24.99,0,'',1),(678,93,'07 - Tintin en fuite et Milou en Angleterre',0.00,'','29396/42174',24.99,19,1,2015,3,'2020-05-26 23:02:52','2021-01-26 22:41:49',0,'',24.99,0,'',1),(679,93,'08 - Tintin motard et Milou en perdition',0.00,'','29397/42175',24.99,19,1,2015,5,'2020-05-26 23:02:52','2021-01-26 22:42:03',0,'',24.99,0,'',1),(680,93,'09 - Tintin prisonnier et Milou sur le Karaboudjan',0.00,'','29398/42176',24.99,19,1,2015,7,'2020-05-26 23:02:52','2021-01-26 22:42:19',0,'',24.99,0,'',1),(681,92,'001 - Tintin en trench-coat',0.00,'','29301/42190',1.99,19,1,2011,10,'2020-05-26 23:02:51','2020-06-09 00:35:47',0,'Carton Weber Grenier',1.99,1,'',1),(682,92,'002 - Haddock dubitatif',0.00,'','29302',5.99,19,1,2011,11,'2020-05-26 23:02:51','2020-06-04 14:17:20',0,'Carton Weber Grenier',5.99,1,'',1),(683,92,'003 - Tournesol à la bêche',0.00,'','29303/42224',12.99,19,1,2011,11,'2020-05-26 23:02:51','2020-06-09 00:33:39',0,'Carton Weber Grenier',12.99,1,'',1),(684,92,'004 - Dupond engoncé',0.00,'','29304',12.99,19,1,2011,12,'2020-05-26 23:02:51','2020-06-05 10:06:14',0,'Carton Weber Grenier',12.99,1,'',1),(685,92,'005 - La Castafiore au perroquet',0.00,'','29305',12.99,19,1,2011,12,'2020-05-26 23:02:51','2020-06-05 10:06:49',0,'Carton Weber Grenier',12.99,1,'',1),(686,92,'006 - Milou promène son os',0.00,'','29306',12.99,19,1,2012,1,'2020-05-26 23:02:51','2020-06-05 10:07:36',0,'Carton Weber Grenier',12.99,1,'',1),(687,92,'007 - Tintin en scaphandre lunaire',0.00,'','29307/42186',12.99,19,1,2012,1,'2020-05-26 23:02:51','2020-06-09 00:31:36',0,'Carton Weber Grenier',12.99,1,'',1),(688,92,'008 - Tchang indique Hou Kou',0.00,'','29308',12.99,19,1,2012,2,'2020-05-26 23:02:51','2020-06-05 10:08:01',0,'Carton Weber Grenier',12.99,1,'',1),(689,92,'009 - Rastapopoulos au tatouage',0.00,'','29309',12.99,19,1,2012,2,'2020-05-26 23:02:51','2020-06-05 10:08:58',0,'Carton Weber Grenier',12.99,1,'',1),(690,92,'010 - Alcazar lanceur de couteau',0.00,'','29310/42203',12.99,19,1,2012,3,'2020-05-26 23:02:51','2020-06-09 00:19:59',0,'Carton Weber Grenier',12.99,1,'',1),(691,92,'011 - Séraphin Lampion à la mallette',0.00,'','29313',12.99,19,1,2012,3,'2020-05-26 23:02:51','2020-06-05 10:21:00',0,'Carton Weber Grenier',12.99,1,'',1),(692,92,'012 - Le Docteur Müller incendiaire',0.00,'','29314',12.99,19,1,2012,4,'2020-05-26 23:02:51','2020-06-05 10:21:18',0,'Carton Weber Grenier',12.99,1,'',1),(693,92,'013 - Haddock en route',0.00,'','29315/42188',12.99,19,1,2012,4,'2020-05-26 23:02:51','2020-06-09 00:23:41',0,'Carton Weber Grenier',12.99,1,'',1),(694,92,'014 - Mitsuhirato à la colombe',0.00,'','29316',12.99,19,1,2012,5,'2020-05-26 23:02:51','2020-06-05 10:22:20',0,'Carton Weber Grenier',12.99,1,'',1),(695,92,'015 - Dupont un cas extraordinaire',0.00,'','29317',12.99,19,1,2012,5,'2020-05-26 23:02:52','2020-06-05 10:22:29',0,'Carton Weber Grenier',12.99,1,'',1),(696,92,'016 - Oliveira Da Figueira',0.00,'','29318',12.99,19,1,2012,6,'2020-05-26 23:02:52','2020-06-05 10:23:39',0,'Carton Weber Grenier',12.99,1,'',1),(697,92,'017 - Tournesol au cornet',0.00,'','29319/42216',12.99,19,1,2012,6,'2020-05-26 23:02:52','2020-06-09 00:26:29',0,'Carton Weber Grenier',12.99,1,'',1),(698,92,'018 - Nestor au plateau',0.00,'','29322',12.99,19,1,2012,7,'2020-05-26 23:02:52','2020-06-05 10:24:02',0,'Carton Weber Grenier',12.99,1,'',1),(699,92,'019 - Milou coincé dans la boîte de crabe',0.00,'','29321',12.99,19,1,2012,7,'2020-05-26 23:02:52','2020-06-05 10:24:14',0,'Carton Weber Grenier',12.99,1,'',1),(700,92,'020 - Le roi Muskar enfile ses gants',0.00,'','29323',12.99,19,1,2012,8,'2020-05-26 23:02:52','2020-06-05 10:24:30',0,'Carton Weber Grenier',12.99,1,'',1),(701,92,'021 - Allan provoque Haddock',0.00,'','29320',12.99,19,1,2012,8,'2020-05-26 23:02:52','2020-06-05 10:25:35',0,'Carton Weber Grenier',12.99,1,'',1),(702,92,'022 - Tintin en kilt',0.00,'','29324/42192',12.99,19,1,2012,9,'2020-05-26 23:02:52','2020-06-09 00:24:45',0,'Carton Weber Grenier',12.99,1,'',1),(703,92,'023 - Ridgewell l\'explorateur',0.00,'','29325',12.99,19,1,2012,9,'2020-05-26 23:02:52','2020-06-05 10:26:02',0,'Carton Weber Grenier',12.99,1,'',1),(704,92,'024 - Haddock en Hadoque',0.00,'','29326',12.99,19,1,2012,10,'2020-05-26 23:02:52','2020-06-05 10:26:14',0,'Carton Weber Grenier',12.99,1,'',1),(705,92,'025 - Le Maharadjah de Rawhajpoutalah',0.00,'','29327',12.99,19,1,2012,10,'2020-05-26 23:02:52','2020-06-05 10:26:27',0,'Carton Weber Grenier',12.99,1,'',1),(706,92,'026 - Baxter le directeur de la base',0.00,'','29328',12.99,19,1,2012,10,'2020-05-26 23:02:52','2020-06-05 10:28:11',0,'Carton Weber Grenier',12.99,1,'',1),(707,92,'027 - L\'Inca noble fils du soleil',0.00,'','29329',12.99,19,1,2012,11,'2020-05-26 23:02:52','2020-06-05 10:28:24',0,'Carton Weber Grenier',12.99,1,'',1),(708,92,'028 - Tournesol en jardinier',0.00,'','29332/42211',12.99,19,1,2012,11,'2020-05-26 23:02:52','2020-06-09 00:25:56',0,'Carton Weber Grenier',12.99,1,'',1),(709,92,'029 - Foudre bénie moine tibétain',0.00,'','29339',12.99,19,1,2012,12,'2020-05-26 23:02:52','2020-06-05 10:28:45',0,'Carton Weber Grenier',12.99,1,'',1),(710,92,'030 - Tintin en cow-boy',0.00,'','29334/42191',12.99,19,1,2012,12,'2020-05-26 23:02:52','2020-06-09 00:27:26',0,'Carton Weber Grenier',12.99,1,'',1),(711,92,'031 - Nestor au plumeau',0.00,'Réédité par Moulinsart sur la deuxième référence en Novembre 2019','29333/42227',12.99,19,1,2013,1,'2020-05-26 23:02:52','2020-06-05 10:30:05',0,'Carton Weber Grenier',12.99,1,'',1),(712,92,'032 - Milou en scaphandre lunaire',0.00,'','',12.99,19,1,2013,1,'2020-05-26 23:02:52','2020-06-05 10:30:14',0,'Carton Weber Grenier',12.99,1,'',1),(713,92,'033 - Szut l\'ami du capitaine Haddock',0.00,'','',12.99,19,1,2013,2,'2020-05-26 23:02:52','2020-06-05 10:30:27',0,'Carton Weber Grenier',12.99,1,'',1),(714,92,'034 - Haddock en alpiniste',0.00,'','',12.99,19,1,2013,2,'2020-05-26 23:02:52','2020-06-05 10:30:37',0,'Carton Weber Grenier',12.99,1,'',1),(715,92,'035 - Monsieur Boullu le marbier',0.00,'','',12.99,19,1,2013,3,'2020-05-26 23:02:52','2020-06-05 10:30:49',0,'Carton Weber Grenier',12.99,1,'',1),(716,92,'036 - Dupont en matelot',0.00,'','',12.99,19,1,2013,3,'2020-05-26 23:02:52','2020-06-05 10:31:48',0,'Carton Weber Grenier',12.99,1,'',1),(717,92,'037 - Le Colonel Sponsz contrarié',0.00,'','',12.99,19,1,2013,4,'2020-05-26 23:02:52','2020-06-05 10:32:00',0,'Carton Weber Grenier',12.99,1,'',1),(718,92,'038 - Le Professeur Siclone au pinceau',0.00,'','',12.99,19,1,2013,4,'2020-05-26 23:02:52','2020-06-05 10:32:10',0,'Carton Weber Grenier',12.99,1,'',1),(719,92,'039 - Tintin ramène Milou',0.00,'','42194',12.99,19,1,2013,5,'2020-05-26 23:02:52','2020-06-09 00:25:21',0,'Carton Weber Grenier',12.99,1,'',1),(720,92,'040 - Milou mi-ange',0.00,'','',12.99,19,1,2013,5,'2020-05-26 23:02:52','2020-06-05 10:32:30',0,'Carton Weber Grenier',12.99,1,'',1),(721,92,'041 - Taupe-au-Regard-Percant',0.00,'','',12.99,19,1,2013,6,'2020-05-26 23:02:52','2020-06-05 10:33:20',0,'Carton Weber Grenier',12.99,1,'',1),(722,92,'042 - Le Général Alcazar en uniforme',0.00,'','',12.99,19,1,2013,6,'2020-05-26 23:02:52','2020-06-05 10:33:30',0,'Carton Weber Grenier',12.99,1,'',1),(723,92,'043 - Le Professeur Bergamotte hilare',0.00,'','',12.99,19,1,2013,7,'2020-05-26 23:02:52','2020-06-05 10:33:37',0,'Carton Weber Grenier',12.99,1,'',1),(724,92,'044 - Le Chevalier François de Hadoque',0.00,'','',12.99,19,1,2013,7,'2020-05-26 23:02:52','2020-06-05 10:33:46',0,'Carton Weber Grenier',12.99,1,'',1),(725,92,'045 - Rastapopoulos à la cravache',0.00,'','',12.99,19,1,2013,7,'2020-05-26 23:02:52','2020-06-05 10:33:57',0,'Carton Weber Grenier',12.99,1,'',1),(726,92,'046 - Le Professeur Philippulus prédicateur',0.00,'','',12.99,19,1,2013,8,'2020-05-26 23:02:52','2020-06-05 10:34:32',0,'Carton Weber Grenier',12.99,1,'',1),(727,92,'047 - Bobby Smiles menaçant',0.00,'','',12.99,19,1,2013,9,'2020-05-26 23:02:52','2020-06-05 10:34:43',0,'Carton Weber Grenier',12.99,1,'',1),(728,92,'048 - La Castafiore en concert',0.00,'','',12.99,19,1,2013,9,'2020-05-26 23:02:52','2020-06-05 10:34:50',0,'Carton Weber Grenier',12.99,1,'',1),(729,92,'049 - Tintin en armure',0.00,'','',12.99,19,1,2013,10,'2020-05-26 23:02:52','2020-06-05 10:34:56',0,'Carton Weber Grenier',12.99,1,'',1),(730,92,'050 - Wang Jen-Ghié se présente',0.00,'','42219',12.99,19,1,2013,10,'2020-05-26 23:02:52','2020-06-09 00:35:17',0,'Carton Weber Grenier',12.99,1,'',1),(731,92,'051 - Milou mi-démon',0.00,'','',12.99,19,1,2013,10,'2020-05-26 23:02:52','2020-06-05 10:35:45',0,'Carton Weber Grenier',12.99,1,'',1),(732,92,'052 - Le Professeur Calys triomphant',0.00,'','',12.99,19,1,2013,11,'2020-05-26 23:02:52','2020-06-05 10:35:53',0,'Carton Weber Grenier',12.99,1,'',1),(733,92,'053 - Zorrino désigne les lamas',0.00,'','',12.99,19,1,2013,11,'2020-05-26 23:02:52','2020-06-05 10:36:04',0,'Carton Weber Grenier',12.99,1,'',1),(734,92,'054 - Monsieur Sanzot au téléphone',0.00,'','',12.99,19,1,2013,12,'2020-05-26 23:02:52','2020-06-05 10:36:10',0,'Carton Weber Grenier',12.99,1,'',1),(735,92,'055 - Dupont en baigneur',0.00,'','',12.99,19,1,2013,12,'2020-05-26 23:02:52','2020-06-05 10:36:16',0,'Carton Weber Grenier',12.99,1,'',1),(736,92,'056 - Le Général Alcazar en Picaro',0.00,'','',12.99,19,1,2014,1,'2020-05-26 23:02:52','2020-06-05 10:37:46',0,'Carton Weber Grenier',12.99,1,'',1),(737,92,'057 - Tournesol en patins',0.00,'','42197',12.99,19,1,2014,1,'2020-05-26 23:02:52','2020-06-09 00:34:03',0,'Carton Weber Grenier',12.99,1,'',1),(738,92,'058 - Laszlo Carreidas déambule',0.00,'','',12.99,19,1,2014,2,'2020-05-26 23:02:52','2020-06-05 10:38:00',0,'Carton Weber Grenier',12.99,1,'',1),(739,92,'059 - Dupont syldave',0.00,'','',12.99,19,1,2014,2,'2020-05-26 23:02:52','2020-06-05 10:38:07',0,'Carton Weber Grenier',12.99,1,'',1),(740,92,'060 - Sakharine surenchérit',0.00,'','',12.99,19,1,2014,3,'2020-05-26 23:02:52','2020-06-05 10:38:14',0,'Carton Weber Grenier',12.99,1,'',1),(741,92,'061 - Milou en manteau de fourrure',0.00,'','',12.99,19,1,2014,3,'2020-05-26 23:02:52','2020-06-05 10:40:50',0,'Carton Weber Grenier',12.99,1,'',1),(742,92,'062 - Mohammed Ben Kalish Ezba l\'émir du Khemed',0.00,'','',12.99,19,1,2014,3,'2020-05-26 23:02:52','2020-06-05 10:40:56',0,'Carton Weber Grenier',12.99,1,'',1),(743,92,'063 - Gibbons la brute',0.00,'','',12.99,19,1,2014,4,'2020-05-26 23:02:52','2020-06-05 10:41:05',0,'Carton Weber Grenier',12.99,1,'',1),(744,92,'064 - Le docteur Müller réapparaît',0.00,'','',12.99,19,1,2014,4,'2020-05-26 23:02:52','2020-06-05 10:41:14',0,'Carton Weber Grenier',12.99,1,'',1),(745,92,'065 - Tintin en scaphandre marin',0.00,'','42229',12.99,19,1,2014,5,'2020-05-26 23:02:52','2020-06-09 00:28:58',0,'Carton Weber Grenier',12.99,1,'',1),(746,92,'066 - Didi est fou',0.00,'','',12.99,19,1,2014,5,'2020-05-26 23:02:52','2020-06-05 10:42:06',0,'Carton Weber Grenier',12.99,1,'',1),(747,92,'067 - Séraphin Lampion le retour',0.00,'','',12.99,19,1,2014,6,'2020-05-26 23:02:52','2020-06-05 10:42:12',0,'Carton Weber Grenier',12.99,1,'',1),(748,92,'068 - Dupond chinois',0.00,'','',12.99,19,1,2014,6,'2020-05-26 23:02:52','2020-06-05 10:42:21',0,'Carton Weber Grenier',12.99,1,'',1),(749,92,'069 - Haddock couvert de peinture',0.00,'','',12.99,19,1,2014,7,'2020-05-26 23:02:52','2020-06-05 10:42:28',0,'Carton Weber Grenier',12.99,1,'',1),(750,92,'070 - Abdallah tire la langue',0.00,'','',12.99,19,1,2014,7,'2020-05-26 23:02:52','2020-06-05 10:42:35',0,'Carton Weber Grenier',12.99,1,'',1),(751,92,'071 - Milou messager',0.00,'','',12.99,19,1,2014,8,'2020-05-26 23:02:52','2020-06-05 10:43:49',0,'Carton Weber Grenier',12.99,1,'',1),(752,92,'072 - Irma l\'habilleuse',0.00,'','',12.99,19,1,2014,9,'2020-05-26 23:02:52','2020-06-05 10:43:59',0,'Carton Weber Grenier',12.99,1,'',1),(753,92,'073 - Ramon Bada en filature',0.00,'','',12.99,19,1,2014,9,'2020-05-26 23:02:52','2020-06-05 10:44:09',0,'Carton Weber Grenier',12.99,1,'',1),(754,92,'074 - Rackham le Rouge triomphant',0.00,'','',12.99,19,1,2014,10,'2020-05-26 23:02:52','2020-06-05 10:44:21',0,'Carton Weber Grenier',12.99,1,'',1),(755,92,'075 - Frank Wolff, l\'ingénieur félon',0.00,'','42221',12.99,19,1,2014,10,'2020-05-26 23:02:52','2020-06-09 00:34:37',0,'Carton Weber Grenier',12.99,1,'',1),(756,92,'076 - Basil Bazaroff le marchand de canons',0.00,'','',12.99,19,1,2014,10,'2020-05-26 23:02:52','2020-06-05 10:45:14',0,'Carton Weber Grenier',12.99,1,'',1),(757,92,'077 - Tintin scrute le désert',0.00,'','42193',12.99,19,1,2014,11,'2020-05-26 23:02:52','2020-06-09 00:32:33',0,'Carton Weber Grenier',12.99,1,'',1),(758,92,'078 - Al Capone le roi des gangsters',0.00,'','',12.99,19,1,2014,11,'2020-05-26 23:02:52','2020-06-05 10:46:21',0,'Carton Weber Grenier',12.99,1,'',1),(759,92,'079 - Peggy Alcazar la tigresse',0.00,'','',12.99,19,1,2014,12,'2020-05-26 23:02:52','2020-06-05 10:46:31',0,'Carton Weber Grenier',12.99,1,'',1),(760,92,'080 - Alonzo Perez le cerveau',0.00,'','',12.99,19,1,2014,12,'2020-05-26 23:02:52','2020-06-05 10:46:40',0,'Carton Weber Grenier',12.99,1,'',1),(761,92,'081 - Aristide Filoselle le voleur de portefeuilles',11.00,'','',12.99,19,1,2015,1,'2020-05-26 23:02:52','2020-06-05 10:50:43',0,'Carton Weber Grenier',12.99,1,'',1),(762,92,'082 - Le Fakir au pouvoir maléfique',0.00,'','',12.99,19,1,2015,1,'2020-05-26 23:02:52','2020-06-05 10:51:14',0,'Carton Weber Grenier',12.99,1,'',1),(763,92,'083 - Igor Wagner le pianiste',0.00,'','',12.99,19,1,2015,2,'2020-05-26 23:02:52','2020-06-05 10:51:20',0,'Carton Weber Grenier',12.99,1,'',1),(764,92,'084 - G. Loiseau l\'exécutant',0.00,'','',12.99,19,1,2015,2,'2020-05-26 23:02:52','2020-06-05 10:51:28',0,'Carton Weber Grenier',12.99,1,'',1),(765,92,'085 - Madame Yamilah en transe',0.00,'','',12.99,19,1,2015,3,'2020-05-26 23:02:52','2020-06-05 10:51:34',0,'Carton Weber Grenier',12.99,1,'',1),(766,92,'086 - Le joyeux Turluron danse',0.00,'','',12.99,19,1,2015,3,'2020-05-26 23:02:52','2020-06-05 10:52:13',0,'Carton Weber Grenier',12.99,1,'',1),(767,92,'087 - Nestor Halambique le sigillographe',0.00,'','',12.99,19,1,2015,4,'2020-05-26 23:02:52','2020-06-05 10:52:20',0,'Carton Weber Grenier',12.99,1,'',1),(768,92,'088 - Maxime Loiseau le meneur',0.00,'','',12.99,19,1,2015,4,'2020-05-26 23:02:52','2020-06-05 10:52:26',0,'',12.99,0,'',1),(769,92,'089 - Omar Ben Salaad négociant et... trafiquant',0.00,'','',12.99,19,1,2015,4,'2020-05-26 23:02:52','2020-06-05 10:52:33',0,'',12.99,0,'',1),(770,92,'090 - Bohlwinkel le financier véreux',0.00,'','',12.99,19,1,2015,5,'2020-05-26 23:02:52','2020-06-05 10:52:39',0,'',12.99,0,'',1),(771,92,'091 - Miarka la petite bohémienne',0.00,'','',12.99,19,1,2015,5,'2020-05-26 23:02:52','2021-01-27 08:55:45',0,'en attente rangement Bureau',18.45,1,'',1),(772,92,'092 - Le Colonel Alvarez aide de camp du général Tapioca',0.00,'','',12.99,19,1,2015,6,'2020-05-26 23:02:52','2020-06-05 10:53:18',0,'',12.99,0,'',1),(773,92,'093 - Rascar Capac la momie',0.00,'','',12.99,19,1,2015,6,'2020-05-26 23:02:52','2020-06-05 10:53:23',0,'',12.99,0,'',1),(774,92,'094 - Le Capitaine Chester un vieil ami de Haddock',0.00,'','',12.99,19,1,2015,7,'2020-05-26 23:02:52','2021-01-27 08:56:00',0,'en attente rangement Bureau',18.46,1,'',1),(775,92,'095 - Tintin à la valise',0.00,'','42217',12.99,19,1,2015,7,'2020-05-26 23:02:52','2020-06-09 00:36:55',0,'',12.99,0,'',1),(776,92,'096 - Le Colonel Jorgen alias Boris',0.00,'','',12.99,19,1,2015,8,'2020-05-26 23:02:52','2020-06-05 10:54:10',0,'',12.99,0,'',1),(777,92,'097 - Le Caporal Diaz terroriste maladroit',0.00,'','',12.99,19,1,2015,8,'2020-05-26 23:02:52','2020-06-05 10:54:17',0,'',12.99,0,'',1),(778,92,'098 - Madame Clairmont l\'épouse du cinéaste',0.00,'','',12.99,19,1,2015,9,'2020-05-26 23:02:52','2020-06-05 10:54:26',0,'',12.99,0,'',1),(779,92,'099 - Mik Ezdanitoff l\'initié',0.00,'','',12.99,19,1,2015,9,'2020-05-26 23:02:52','2020-06-05 10:54:36',0,'',12.99,0,'',1),(780,92,'100 - Muganga le sorcier des Babaoro\'m',0.00,'','',12.99,19,1,2015,9,'2020-05-26 23:02:52','2020-06-05 10:54:44',0,'',12.99,0,'',1),(781,92,'101 - Haddock en scaphandre lunaire',0.00,'','',12.99,19,1,2015,10,'2020-05-26 23:02:52','2020-06-05 10:55:16',0,'',12.99,0,'',1),(782,92,'102 - J.M.Dawson le policier véreux',0.00,'','',12.99,19,1,2015,10,'2020-05-26 23:02:52','2020-06-05 10:55:23',0,'',12.99,0,'',1),(783,92,'103 - Wronzoff le complice du docteur Müller',0.00,'','',12.99,19,1,2015,11,'2020-05-26 23:02:52','2021-01-27 08:56:13',0,'en attente rangement Bureau',18.46,1,'',1),(784,92,'104 - Le Docteur Krollspell médecin dévoyé',0.00,'','',12.99,19,1,2015,11,'2020-05-26 23:02:52','2020-06-05 10:55:37',0,'',12.99,0,'',1),(785,92,'105 - Chiquito alias Rupac Inca Huaco',0.00,'','',12.99,19,1,2015,12,'2020-05-26 23:02:52','2020-06-05 10:55:47',0,'',12.99,0,'',1),(786,92,'106 - Le Cheikh Bab El Ehr l\'insurgé',0.00,'','',12.99,19,1,2015,12,'2020-05-26 23:02:52','2020-06-05 10:56:35',0,'',12.99,0,'',1),(787,92,'108 - Le général Tapioca l\'ennemi juré d\'Alcazar',0.00,'','',12.99,19,1,2016,1,'2020-05-26 23:02:52','2020-06-05 10:56:50',0,'',12.99,0,'',1),(789,92,'111 - Hergé en officier de la cour syldave',0.00,'','',12.99,19,1,2016,3,'2020-05-26 23:02:52','2020-06-05 10:57:07',0,'',12.99,0,'',1),(790,84,'Tintin',6.00,'Dargaud est écrit au bas du pull dans le dos','',-1.00,29,1,1965,0,'2020-05-27 19:37:16','2021-01-11 20:54:58',NULL,'',NULL,0,'',1),(791,84,'Haddock',6.00,'Inscription :\r\nDargaud dans le dos,\r\nJIM sous le pied','',-1.00,29,1,1965,0,'2020-05-28 18:26:39','2020-06-01 15:32:13',0,'',NULL,0,'',1),(792,84,'Tournesol',5.80,'Inscriptions :\r\nDargaud en bas du dos\r\nJIM sous le pied gauche \r\n&copy sous le pied droit','',-1.00,29,1,1965,0,'2020-05-28 18:31:21','2020-05-28 18:36:02',NULL,NULL,NULL,NULL,NULL,1),(794,4,'Dupont canne à gauche noir',0.00,'Sans doute une version pour moulage','',-2.00,3,1,1977,0,'2020-05-31 11:13:21','2020-06-01 08:58:58',NULL,'',NULL,0,'',1),(795,25,'Dupond canne main gauche',6.80,'','',0.00,12,1,1974,0,'2020-05-31 11:18:35',NULL,7,'',NULL,0,'',1),(796,34,'La fusée lunaire',11.00,'','',-1.00,16,9,0,0,'2020-05-31 11:28:41',NULL,24,'Bois Secrete Lotus Bleu',5.78,1,'Pas le haut papier de l\'emballage',1),(797,29,'Haddock fumant la pipe',24.00,'','',-1.00,18,9,1958,0,'2020-05-31 11:36:48','2020-06-06 22:32:35',150,'Métal Delacre Licorne',30,1,'sans sifflet',1),(798,29,'Milou avec timbre Tintin',11.00,'Version 3 avec le tampon en relief du \"POINT TINTIN\"\r\n(version plus rare que les modèles sans ce marquage en relief)','',-1.00,18,9,1958,0,'2020-05-31 11:40:20','2021-01-03 18:23:36',55,'Métal Delacre Licorne',20,1,'',1),(799,84,'Dupond',6.00,'Inscription :\r\nDargaud dans le dos,\r\nJIM sous le pied','',-1.00,29,1,1965,0,'2020-06-01 15:24:35','2020-06-01 15:26:55',0,'',NULL,0,'',1),(800,84,'Milou assis',0.00,'','',-1.00,29,1,1965,0,'2020-06-01 15:29:27','2021-01-11 21:17:38',0,'',NULL,0,'',1),(801,84,'Milou debout',0.00,'','',-1.00,29,1,1965,0,'2020-06-01 15:29:50','2021-02-19 20:33:43',0,'',NULL,0,'',1),(802,29,'Tintin en pull bleu',21.00,'Issues de la sculpture de Neujean : 4 figurines de plus de 20 cm vont paraître : une jaune, une bleue, une rouge et il parait qu\'il existe un Tintin avec un pull gris','',-1.00,18,9,1958,0,'2020-06-01 15:40:30',NULL,95,'Métal Delacre Licorne',46,1,'sans sifflet',1),(803,29,'Tintin en pull jaune',21.00,'Issues de la sculpture de Neujean : 4 figurines de plus de 20 cm vont paraître : une jaune, une bleue, une rouge et il parait qu\'il existe un Tintin avec un pull gris','',-1.00,18,9,1958,0,'2020-06-01 15:44:14',NULL,0,'',NULL,0,'',1),(804,29,'Tintin en pull rouge',21.00,'Issues de la sculpture de Neujean : 4 figurines de plus de 20 cm vont paraître : une jaune, une bleue, une rouge et il parait qu\'il existe un Tintin avec un pull gris','',-1.00,18,9,1958,0,'2020-06-01 15:44:49',NULL,0,'',NULL,0,'',1),(805,29,'Tintin saluant',31.00,'Seconde version de tintin de cette série de 1958','',-1.00,18,9,1958,0,'2020-06-01 15:50:28','2020-06-01 15:57:57',0,'',NULL,0,'',1),(806,29,'Milou',20.00,'grande modèle de cette série Mirim toys','',-1.00,18,9,1958,0,'2020-06-01 15:54:48',NULL,0,'',NULL,0,'',1),(807,29,'Tournesol',24.00,'La tête penche vers la gauche (différement de la version SICA-TOYS)','',-1.00,18,9,1958,0,'2020-06-01 16:14:28','2020-06-01 16:15:48',0,'',NULL,0,'',1),(808,29,'Tintin moule',21.00,'','',-1.00,18,9,1958,0,'2020-06-01 16:19:12',NULL,0,'',NULL,0,'',1),(809,29,'Dupond écharpe bleue',0.00,'','',-1.00,18,9,1958,0,'2020-06-01 16:20:50',NULL,0,'',NULL,0,'',1),(810,29,'Dupont cravate noire',0.00,'','',-1.00,18,9,1958,0,'2020-06-01 16:22:31',NULL,0,'',NULL,0,'',1),(811,71,'Tintin',17.00,'','',-1.00,24,9,1959,0,'2020-06-01 16:32:41',NULL,0,'',NULL,0,'',1),(812,71,'Milou',7.00,'','',-1.00,24,1,1959,0,'2020-06-01 16:34:15',NULL,31,'Métal Delacre Licorne',56,1,'pas de sifflet d’origine',1),(813,71,'Dupond',19.00,'','',-1.00,24,9,1959,0,'2020-06-01 16:35:25',NULL,95,'Métal Delacre Licorne',51,1,'',1),(814,71,'Haddock',19.00,'','',-1.00,24,9,1959,0,'2020-06-01 16:36:21',NULL,91,'Métal Delacre Licorne',50,1,'avec sifflet',1),(815,71,'Tournesol',18.50,'Penche la tête à droite (différence avec la version Mirim)\r\nMain du pendule vers le bas','',-1.00,24,9,1959,0,'2020-06-01 16:38:04','2020-06-11 08:48:37',106,'Métal Delacre Licorne',51,1,'sans sifflet',1),(816,84,'Boite JIM',0.00,'','',-1.00,29,16,1965,0,'2020-06-01 16:52:30','2020-06-01 16:53:53',0,'',NULL,0,'',1),(817,17,'Le Crabe aux pinces d\'or',0.00,'Sortie en décembre 2005','43001',49.95,19,7,2005,12,'2020-06-01 17:00:10','2020-06-11 22:42:01',0,'Carton Volvo Grenier',NULL,1,'',1),(818,17,'L\'oreille cassée',9.00,'Coffret sortie en décembre 2005','43000',49.95,19,7,2005,12,'2020-06-01 17:21:36','2020-06-11 22:44:16',0,'Carton Volvo Grenier',NULL,1,'',1),(819,17,'L\'ile noire',15.50,'Coffret sortie en novembre 2007','43002',49.95,19,7,2007,11,'2020-06-01 17:26:16','2020-06-11 22:41:37',0,'Carton Volvo Grenier',NULL,1,'',1),(820,17,'Coke en stock',15.50,'Coffret sortie en mars 2008','43003',49.95,19,7,2008,3,'2020-06-01 17:28:46','2020-06-11 22:41:28',0,'Carton Volvo Grenier',NULL,1,'',1),(821,NULL,'La fusée lunaire',3.00,'','2118980',0.00,6,12,2001,0,'2020-06-02 08:32:14','2020-12-30 19:13:32',2,'Métal Delacre Licorne',NULL,1,'',1),(822,42,'Tintin salue',6.00,'','42439',4.95,19,1,2010,6,'2020-06-02 10:14:37','2020-06-05 16:12:59',4,'BTE FER DELACRE JAUNE',5,1,'',1),(823,43,'Tournesol valise',5.50,'','42452',4.95,19,2,2010,12,'2020-06-02 10:19:01','2020-06-05 16:22:20',13,'BTE DELACRE BLEUE',4.5,1,'',1),(824,90,'Tintin en Chine',8.50,'','42453',4.95,19,1,2011,4,'2020-06-02 10:23:30','2020-06-05 15:51:55',16,'BTE FER DELACRE JAUNE',5.9,1,'',1),(825,45,'Rackham le Rouge',6.20,'','42464',4.95,19,1,2011,4,'2020-06-02 10:28:08','2020-06-09 23:17:03',9,'BTE FER DELACRE JAUNE',5,1,'',1),(826,45,'Tintin en Chine',5.50,'','42461',4.95,19,1,2011,4,'2020-06-02 10:32:25','2020-06-05 15:53:06',4,'BTE FER DELACRE JAUNE',5,1,'',1),(827,45,'Chevalier de Hadoque',7.50,'','42485',4.95,19,1,2011,10,'2020-06-02 10:36:17','2020-06-05 15:55:01',9,'BTE FER DELACRE JAUNE',5,1,'',1),(828,91,'Tintin en pull bleu',8.50,'','42502',5.90,19,1,2012,11,'2020-06-02 10:43:09','2020-06-10 19:07:17',15,'BTE FER DELACRE JAUNE',5.9,1,'',1),(829,48,'Milou marchant avec os',3.00,'','42514',4.95,19,1,2012,11,'2020-06-02 13:29:12','2020-06-05 16:17:27',4,'BTE FER DELACRE JAUNE',4.5,1,'',1),(830,72,'Tintin at Home',5.60,'Issu de l\'album L\'oreille cassée (page 2)','43109',19.95,19,7,2009,3,'2020-06-02 13:33:13','2020-06-04 13:37:58',0,'Carton Volvo Grenier',NULL,1,'',1),(831,72,'Tintin Aurore',9.70,'Issu de l\'album L\'Etoile Mysterieuse (p 22)','43110',19.95,19,7,2009,12,'2020-06-02 17:26:51','2020-06-04 13:39:04',0,'Carton Volvo Grenier',NULL,1,'',1),(832,72,'Tintin Aviateur',8.00,'Issu de l\'album :L\'Etoile Mysterieuse (p 51)','43103',19.95,19,7,2006,10,'2020-06-02 17:32:43','2020-06-04 13:41:54',0,'Carton Volvo Grenier',NULL,1,'avec Boite Tintin Oriental',1),(833,72,'Tintin Cowboy',7.60,'Issu de l\'album : Tintin en Amerique (p 42)','43101',19.95,19,7,2006,10,'2020-06-02 17:34:29','2020-06-04 13:53:21',0,'Carton Volvo Grenier',11.3,1,'',1),(834,72,'Tintin et Milou Cosmonautes',9.00,'On a marché sur la lune (p 37)','43106',19.95,19,7,2008,11,'2020-06-02 17:39:56','2020-06-05 08:51:54',0,'Carton Volvo Grenier',NULL,1,'',1),(835,72,'Tintin Oriental',8.50,'Issu de l\'album Les Cigares du Pharaon (p 15)','43102',19.95,19,7,2006,10,'2020-06-02 17:42:01','2021-01-24 20:25:18',0,'Carton Volvo Grenier',19.1,1,'',1),(836,72,'Tintin Scaphandre',9.00,'Issu de l\'album Le Tresor de Rackham le Rouge','43116',19.95,19,7,2011,5,'2020-06-02 21:01:08','2020-06-04 14:00:35',0,'Carton Volvo Grenier',NULL,1,'',1),(837,72,'Tintin tenant la licorne',6.00,'Issu de l\'album Le secret de la Licorne (p 5)','43115',19.95,19,7,2011,6,'2020-06-02 21:03:19','2020-06-05 08:53:21',0,'Carton Volvo Grenier',NULL,1,'',1),(838,72,'Tintin Marché aux puces',5.00,'Issu de l\'album Le secret de la Licorne (p 3)','43114',19.95,19,7,2011,5,'2020-06-02 21:09:08','2020-06-04 13:58:33',0,'',NULL,0,'',1),(839,72,'Tintin Boîte de crabe',7.00,'Issu de l\'album Le Crabe aux pinces d\'or (p 1)','43112',19.95,19,7,2011,1,'2020-06-02 21:12:06','2020-06-04 13:52:36',0,'',NULL,0,'',1),(840,72,'Tintin Sceptre d\'Ottokar',7.80,'Issu de l\'album Le Sceptre d\'Ottokar (p 47)','43113',19.95,19,7,2011,1,'2020-06-02 21:19:21','2020-06-04 14:03:02',0,'',NULL,0,'',1),(841,72,'Tintin Extrème orient',10.00,'Issu de l\'album Le Lotus Bleu','43108',19.95,19,7,2009,3,'2020-06-02 21:22:11','2020-06-04 13:56:46',0,'',NULL,0,'',1),(842,72,'Tintin Voie ferrée',8.30,'Issu de l\'album Le Temple du Soleil (p 16)','43111',19.95,19,7,2009,10,'2020-06-02 21:28:30','2021-01-24 20:29:56',0,'en attente rangement Bureau',20,1,'',1),(843,72,'Milou sur le trône',9.00,'Issu de l\'album Tintin au congo page 50','43104',19.95,19,7,2008,1,'2020-06-02 21:30:59','2021-01-24 20:29:27',0,'en attente rangement Bureau',20,1,'',1),(844,72,'Tintin en armure',7.50,'Issu de l\'album : Tintin en Amerique (p 51)','43105',19.95,19,7,2008,1,'2020-06-02 21:34:53','2021-01-24 20:28:44',0,'en attente rangement Bureau',26.35,1,'',1),(845,72,'Tintin Cigares du Pharaon',8.50,'Issu de l\'album Les Cigares du Pharaon (p 62)','43107',19.95,19,7,2008,11,'2020-06-02 21:37:40','2020-06-04 13:51:58',0,'',NULL,0,'',1),(846,72,'Tintin Explorateur',8.50,'Issu de l\'album Tintin au congo page 27','43100',19.95,19,7,2006,10,'2020-06-02 21:39:16','2020-06-11 22:49:26',0,'',NULL,0,'',1),(847,34,'Dupond',12.00,'','',-1.00,28,9,1980,0,'2020-06-02 22:08:44','2020-06-06 16:35:57',22,'Bois Secrete Lotus Bleu',5.78,1,'',1),(848,34,'Haddock',13.50,'','',-1.00,28,9,1980,0,'2020-06-02 22:09:48','2020-06-06 16:36:03',28,'Bois Secrete Lotus Bleu',5.78,1,'',1),(849,34,'Tournesol',11.50,'','',-1.00,28,9,1980,0,'2020-06-02 22:11:41','2020-06-06 16:36:59',28,'Bois Secrete Lotus Bleu',2.49,1,'',1),(850,34,'Tintin',14.00,'','',-1.00,28,9,1980,0,'2020-06-02 22:13:28','2020-06-06 16:36:54',27,'Bois Secrete Lotus Bleu',5.78,1,'',1),(851,34,'Milou',7.00,'','',-1.00,28,9,1980,0,'2020-06-02 22:14:41','2020-06-06 16:36:10',12,'Bois Secrete Lotus Bleu',5.78,1,'',1),(852,2,'Offre LU',0.00,'Affiche produite pour la sortie des figurines avec les cadeaux','',-2.00,1,15,1993,0,'2020-06-04 20:30:16',NULL,0,'',NULL,0,'',1),(853,2,'Tintin et milou',0.00,'','',0.00,1,2,1993,0,'2020-06-04 20:36:07','2020-06-04 22:27:56',0,'',NULL,0,'',1),(854,1,'Paquet Gateau Lu 1',0.00,'','',-1.00,1,16,1994,0,'2020-06-04 22:31:09',NULL,0,'',NULL,0,'',1),(855,1,'Paquet de Gateau Lu 2',0.00,'','',-1.00,1,16,1994,0,'2020-06-04 22:31:50',NULL,0,'',NULL,0,'',1),(856,95,'Tintin',7.50,'','42477',9.95,19,1,2017,12,'2020-06-05 18:40:24','2020-06-05 18:45:31',0,'',NULL,0,'',1),(857,95,'La Castafiore',7.50,'','42494',9.95,19,1,2017,12,'2020-06-05 18:42:07','2021-01-01 23:00:07',0,'',NULL,0,'',1),(858,95,'Tournesol',7.50,'','42495',9.95,19,1,2017,12,'2020-06-05 18:43:41','2020-06-05 18:45:37',0,'',NULL,0,'',1),(859,95,'Nestor',7.50,'','42496',9.95,19,1,2017,12,'2020-06-05 18:44:39','2020-06-05 18:45:25',0,'',NULL,0,'',1),(860,42,'Milou couché',0.00,'','42441',4.95,19,1,2010,6,'2020-06-05 22:52:43','2020-06-05 23:01:11',0,'',NULL,0,'',1),(861,42,'Dupond canne à la main',6.00,'','42451',4.95,19,1,2010,12,'2020-06-05 22:57:19','2020-06-26 19:16:14',0,'BTE FER DELACRE JAUNE',3.4,1,'',1),(862,42,'Tournesol à la valise',5.50,'','42452',4.95,19,1,2010,12,'2020-06-05 23:02:37','2020-06-05 23:02:58',0,'',NULL,0,'',1),(863,41,'Milou couché',3.00,'','42431',4.95,19,1,2010,6,'2020-06-05 23:04:58','2020-06-26 19:17:22',0,'BTE FER DELACRE JAUNE',4.4,1,'',1),(864,41,'Tintin salue',9.00,'','42429',4.95,19,1,2010,6,'2020-06-05 23:06:21','2020-06-10 19:11:06',12,'',NULL,0,'',1),(865,90,'Rackham Le Rouge',10.00,'','42456',4.95,19,1,2011,4,'2020-06-05 23:12:21','2020-06-26 19:11:35',0,'BTE FER DELACRE JAUNE',4.4,1,'',1),(866,90,'Chevalier de Hadoque',11.00,'','42475',4.95,19,1,2011,10,'2020-06-05 23:14:27','2020-06-10 19:12:24',0,'',NULL,0,'',1),(867,90,'Tintin debout crabe',9.00,'','42454',4.95,19,1,2011,4,'2020-06-05 23:19:38','2020-06-26 19:13:14',0,'BTE FER DELACRE JAUNE',5.4,1,'',1),(868,45,'Tintin debout crabe',5.20,'','42462',4.95,19,1,2011,4,'2020-06-05 23:20:53','2020-06-05 23:21:02',0,'',NULL,0,'',1),(869,90,'Dupond baigneur',8.50,'','42455',4.95,19,1,2011,4,'2020-06-05 23:23:07','2020-06-05 23:23:40',0,'',NULL,0,'',1),(870,45,'Dupond baigneur',6.00,'','42463',4.95,19,1,2011,4,'2020-06-05 23:26:26','2020-06-26 19:14:43',0,'BTE FER DELACRE JAUNE',3.4,1,'',1),(871,90,'Tintin mettant son Trench',8.50,'','42473',4.95,19,1,2011,10,'2020-06-05 23:28:32','2020-06-05 23:28:41',0,'',NULL,0,'',1),(872,45,'Tintin mettant son trench',5.50,'','42483',4.95,19,1,2011,10,'2020-06-05 23:29:59','2020-06-05 23:30:08',0,'',NULL,0,'',1),(873,90,'Dupont baigneur',8.50,'','42474',4.95,19,1,2011,4,'2020-06-05 23:32:51','2020-06-26 19:10:38',0,'BTE FER DELACRE JAUNE',5.55,1,'',1),(874,45,'Dupont baigneur',5.50,'','42484',4.95,19,1,2011,4,'2020-06-05 23:33:46','2020-06-05 23:34:02',0,'',NULL,0,'',1),(875,90,'Milou assis',4.00,'','42476',4.95,19,1,2011,10,'2020-06-05 23:35:31','2020-06-05 23:36:40',0,'',NULL,0,'',1),(876,45,'Milou assis',2.50,'','42486',4.95,19,1,2011,10,'2020-06-05 23:36:13','2020-06-11 23:02:12',0,'',NULL,0,'',1),(877,91,'Milou marchant avec os',4.50,'','42504',5.90,19,1,2012,11,'2020-06-06 10:19:05','2020-06-06 10:19:35',0,'',NULL,0,'',1),(878,48,'Tintin en pull bleu',5.50,'','42512',5.90,19,1,2012,11,'2020-06-06 13:40:11',NULL,0,'',NULL,0,'',1),(879,55,'Tintin cosmonaute',8.00,'','42505',5.90,19,1,2019,3,'2020-06-06 14:30:12','2020-06-06 14:48:09',35,'',NULL,0,'',1),(880,55,'Milou cosmonaute',3.50,'','42506',5.90,19,1,2019,3,'2020-06-06 14:32:15','2020-06-06 14:48:03',30,'',NULL,0,'',1),(881,52,'Tintin ramène Milou',7.80,'','42508',5.90,19,1,2020,1,'2020-06-06 14:41:53',NULL,0,'',NULL,0,'',1),(882,52,'Tintin Kilt',8.00,'','42509',5.90,19,1,2020,1,'2020-06-06 14:43:25',NULL,0,'',NULL,0,'',1),(883,52,'Milou messager',4.00,'Cette figurine de Milou en PVC, peinte à la main représente une scène tirée de l\'album Tintin au Tibet, page 45.','42510',5.90,19,1,2020,1,'2020-06-06 14:45:11',NULL,0,'',NULL,0,'',1),(884,52,'Tournesol jardinier',8.00,'Issu de l\'album Les Bijoux de la Castafiore','42516',5.90,19,1,2020,1,'2020-06-06 14:47:21',NULL,0,'',NULL,0,'',1),(885,98,'Tintin et Milou',0.00,'','',-1.00,32,1,1967,0,'2020-06-06 16:25:18','2021-01-12 18:57:11',0,'',NULL,0,'',1),(886,98,'Tournesol',0.00,'','',-1.00,32,1,1967,0,'2020-06-06 16:27:50','2021-01-12 18:57:54',0,'',NULL,0,'',1),(887,98,'Haddock',0.00,'','',-1.00,32,1,1967,0,'2020-06-06 16:29:54','2021-01-12 19:00:12',0,'',NULL,0,'',1),(888,98,'Dupond',0.00,'','',-1.00,32,1,1967,0,'2020-06-06 16:31:24','2021-02-16 18:48:26',0,'',NULL,0,'',1),(889,69,'Coffret Hydravion',0.00,'','',19.95,23,16,2011,10,'2020-06-06 18:52:38','2020-06-09 18:23:39',0,'Carton Weber Grenier',3.99,1,'',1),(890,69,'Tube Plastoy 2011',0.00,'','',12.95,23,16,2011,10,'2020-06-06 18:55:27',NULL,0,'Carton Weber Grenier',2.99,1,'',1),(891,69,'L\'hydravion',0.00,'Hydravion du coffret, n\'était pas vendu seul.','',-1.00,23,1,2011,10,'2020-06-06 19:02:03',NULL,0,'Carton Weber Grenier',3.99,1,'',1),(892,64,'Tintin Action',0.00,'Cette figurine etait uniquement disponible dans le coffret Action','',-2.00,23,1,2011,10,'2020-06-06 19:22:37','2020-06-06 22:28:42',0,'Carton Weber Grenier',2.99,1,'',1),(893,64,'Haddock Action',0.00,'Cette figurine était vendu uniquement dans le coffret Action','',-2.00,23,1,2011,10,'2020-06-06 19:24:03',NULL,0,'Carton Weber Grenier',2.99,1,'',1),(894,64,'Coffret Action',0.00,'','',12.95,23,16,2011,10,'2020-06-06 19:25:13','2020-06-06 19:25:42',0,'Carton Weber Grenier',3.99,1,'',1),(895,66,'Coffret Licorne',0.00,'','',12.95,23,16,2011,10,'2020-06-06 19:27:30','2020-06-06 19:29:04',0,'Carton Weber Grenier',2.99,1,'',1),(896,66,'Milou Licorne',0.00,'Figurine vendue uniquement dans le coffret Licorne','',-2.00,23,1,2011,10,'2020-06-06 19:35:58',NULL,0,'Carton Weber Grenier',NULL,1,'',1),(897,18,'Tintin',0.00,'','',-1.00,11,1,1967,0,'2020-06-06 22:21:19','2020-06-06 22:27:32',0,'',NULL,0,'',1),(898,18,'Dupont',0.00,'','',-1.00,11,1,1967,0,'2020-06-06 22:22:16',NULL,0,'',NULL,0,'',1),(899,18,'Haddock',0.00,'','',-1.00,11,1,1967,0,'2020-06-06 22:22:52',NULL,0,'',NULL,0,'',1),(900,18,'Tournesol',0.00,'','',-1.00,11,1,1967,0,'2020-06-06 22:24:26','2021-02-19 20:43:20',0,'',NULL,0,'',1),(901,108,'Tintin mousse',16.00,'Figurine en mousse armée de fil de fer','',-1.00,11,1,1968,0,'2020-06-06 22:35:44','2021-02-19 20:50:23',0,'',NULL,0,'En matière flexible comme les figurines EX.IN.CO',1),(902,60,'Abdallah',3.00,'','',-1.00,22,1,1992,0,'2020-06-07 09:34:20','2020-06-07 09:35:14',1,'Trieur Plastique Vert',1.35,1,'',1),(903,60,'Allan',3.00,'','',-1.00,22,1,1992,0,'2020-06-07 09:36:32',NULL,1,'Trieur Plastique Vert',1.35,1,'',1),(904,60,'La Castafiore',3.00,'','',-1.00,22,1,1992,0,'2020-06-07 09:37:18',NULL,1,'Trieur Plastique Vert',2.35,1,'',1),(905,60,'Docteur Finney',3.00,'','',-1.00,22,1,1992,0,'2020-06-07 09:38:17',NULL,1,'Trieur Plastique Vert',2.35,1,'',1),(906,60,'Dupond bras espacé',3.00,'','',-1.00,22,1,1992,0,'2020-06-07 09:39:11',NULL,1,'Trieur Plastique Vert',1.35,1,'',1),(907,60,'Dupont bras collé',3.00,'','',-1.00,22,1,1992,0,'2020-06-07 09:39:54',NULL,1,'Trieur Plastique Vert',1.35,1,'',1),(908,60,'Haddock',3.00,'','',-1.00,22,1,1992,0,'2020-06-07 09:41:16',NULL,1,'Trieur Plastique Vert',1.35,1,'',1),(909,60,'Le colonel',3.00,'','',-1.00,22,1,1992,0,'2020-06-07 09:41:55',NULL,1,'Trieur Plastique Vert',1.35,1,'',1),(910,60,'Le Fakir',3.00,'','',-1.00,22,1,1992,0,'2020-06-07 09:44:41',NULL,1,'Trieur Plastique Vert',1.35,1,'',1),(911,60,'Milou',3.00,'','',-1.00,22,1,1992,0,'2020-06-07 10:05:37',NULL,1,'Trieur Plastique Vert',1.35,1,'',1),(912,60,'Nestor',3.00,'','',-1.00,22,1,1992,0,'2020-06-07 10:06:16',NULL,1,'Trieur Plastique Vert',1.35,1,'',1),(913,60,'Oliveira Da Figueira',3.00,'','',-1.00,22,1,1992,0,'2020-06-07 10:07:02',NULL,1,'Trieur Plastique Vert',1.35,1,'',1),(914,60,'Philemon Siclone',3.00,'','',-1.00,22,1,1992,0,'2020-06-07 10:07:45',NULL,1,'Trieur Plastique Vert',1.35,1,'',1),(915,60,'Rackham Le Rouge',3.00,'','',-1.00,22,1,1992,0,'2020-06-07 10:08:22',NULL,1,'Trieur Plastique Vert',1,1,'',1),(916,60,'Rastapopoulos',3.00,'','',-1.00,22,1,1992,0,'2020-06-07 10:10:25',NULL,1,'Trieur Plastique Vert',1.35,1,'',1),(917,60,'Tintin',3.00,'','',-1.00,22,1,1992,0,'2020-06-07 10:11:07',NULL,1,'Trieur Plastique Vert',1.35,1,'',1),(918,60,'Tournesol',3.00,'','',-1.00,22,1,1992,0,'2020-06-07 10:11:48',NULL,1,'Trieur Plastique Vert',1.35,1,'',1),(919,60,'Wang',3.00,'','',-1.00,22,1,1992,0,'2020-06-07 10:12:23',NULL,1,'Trieur Plastique Vert',1.35,1,'',1),(920,60,'Zorrino',3.00,'','',-1.00,22,1,1992,0,'2020-06-07 10:12:55',NULL,1,'Trieur Plastique Vert',2.35,1,'',1),(921,61,'Haddock',3.00,'','',-1.00,22,1,1992,0,'2020-06-07 10:15:38',NULL,1,'Trieur Plastique Vert',1,1,'',1),(922,61,'Nestor',3.00,'','',-1.00,22,1,1992,0,'2020-06-07 10:16:17',NULL,1,'Trieur Plastique Vert',1,1,'',1),(923,61,'Oliveira Da Figueira',3.00,'','',-1.00,22,1,1992,0,'2020-06-07 10:17:01',NULL,1,'Trieur Plastique Vert',1,1,'',1),(924,61,'Wang',3.00,'','',-1.00,22,1,1992,0,'2020-06-07 10:17:28','2020-06-07 10:17:56',1,'Trieur Plastique Vert',1,1,'',1),(925,63,'La Castafiore',3.00,'','',-1.00,22,1,1992,0,'2020-06-07 10:20:39',NULL,1,'Trieur Plastique Vert',2.35,1,'',1),(926,63,'Haddock',3.00,'','',-1.00,22,1,1992,0,'2020-06-07 10:21:09','2020-06-07 10:23:09',1,'Trieur Plastique Vert',1.35,1,'',1),(927,63,'Rackham Le Rouge',3.00,'','',-1.00,22,1,1992,0,'2020-06-07 10:22:48','2020-06-09 23:25:46',1,'Trieur Plastique Vert',1,1,'',1),(928,63,'Rastapopoulos',3.00,'','',-1.00,22,1,1992,0,'2020-06-07 10:24:06',NULL,1,'Trieur Plastique Vert',1,1,'',1),(929,63,'Wang',3.00,'','',-1.00,22,1,1992,0,'2020-06-07 10:24:43',NULL,1,'Trieur Plastique Vert',1,1,'',1),(930,63,'Zorrino',3.00,'','',-1.00,22,1,1992,0,'2020-06-07 10:25:13',NULL,1,'Trieur Plastique Vert',1,1,'',1),(931,62,'Allan',3.00,'','',-1.00,22,1,1992,0,'2020-06-07 10:26:32',NULL,1,'Trieur Plastique Vert',1,1,'',1),(932,62,'Le Colonel',3.00,'','',-1.00,22,1,1992,0,'2020-06-07 10:27:06',NULL,1,'Trieur Plastique Vert',1,1,'',1),(933,62,'Le Fakir',3.00,'','',-1.00,22,1,1992,0,'2020-06-07 10:27:42',NULL,1,'Trieur Plastique Vert',1,1,'',1),(934,62,'Tournesol',3.00,'','',-1.00,22,1,1992,0,'2020-06-07 10:28:15',NULL,1,'Trieur Plastique Vert',1,1,'',1),(935,NULL,'Jeu de familles',0.00,'','',-1.00,8,3,1993,0,'2020-06-08 08:07:11','2021-01-03 19:43:28',0,'Boite cartes',NULL,1,'',1),(936,14,'L\'île noire',0.00,'','',-1.00,9,11,1992,0,'2020-06-08 08:09:23','2021-01-01 23:01:10',0,'Meuble Bureau',NULL,1,'',1),(937,11,'L\'Affaire Tournesol',0.00,'Visible ici : https://www.youtube.com/watch?v=gpslV3N45Tk','',-1.00,13,11,0,0,'2020-06-08 08:11:12','2021-01-25 11:38:15',0,'Meuble Bureau',NULL,1,'',1),(938,11,'Le Lac aux requins',0.00,'Visible ici : https://www.youtube.com/watch?v=zvjFNfRu7EE','',-1.00,13,11,0,0,'2020-06-08 08:11:52','2021-01-25 11:47:59',0,'Meuble Bureau',NULL,1,'',1),(939,15,'L\'ile noire',0.00,'','',-1.00,14,11,1981,0,'2020-06-08 08:14:20','2021-01-01 20:38:59',0,'Meuble Bureau',NULL,1,'',1),(940,15,'Objectif Lune',0.00,'Ce film est sorti en 1962.\r\nEdité par les studios Belvision\r\nIl est edité ensuite en vhs.\r\nhttps://www.youtube.com/watch?v=DLv9Y5BLry8','',-1.00,14,11,1981,0,'2020-06-08 08:14:59','2021-01-01 23:17:36',0,'Meuble Bureau',NULL,1,'',1),(941,51,'L\'étoile mystérieuse',0.00,'Visible ici : https://www.youtube.com/watch?v=va8fVkD2K-Q','',-1.00,14,11,0,0,'2020-06-08 08:15:31','2021-01-25 11:36:31',0,'Meuble Bureau',NULL,1,'',1),(942,51,'Le crabe aux pinces d\'or',0.00,'','',-1.00,14,11,1981,0,'2020-06-08 08:15:58','2021-01-01 20:49:24',0,'Meuble Bureau',NULL,1,'',1),(943,51,'Le secret de la Licorne',0.00,'','',-1.00,14,11,0,0,'2020-06-08 08:17:57','2021-01-01 20:51:42',0,'Meuble bureau',NULL,1,'',1),(944,51,'Le trésor de Rackham Le Rouge',0.00,'','',-1.00,14,11,0,0,'2020-06-08 08:21:20','2021-01-25 11:40:14',0,'Meuble Bureau',NULL,1,'Visible ici : https://www.youtube.com/watch?v=yyckYGdJ_e0',1),(945,51,'Objectif Lune',0.00,'Ce film est sorti en 1962.\r\nEdité par les studios Belvision\r\nIl est edité ensuite en vhs.\r\nhttps://www.youtube.com/watch?v=DLv9Y5BLry8','',-1.00,14,11,0,0,'2020-06-08 08:21:54','2021-01-01 23:18:18',0,'Meuble Bureau',NULL,1,'',1),(946,NULL,'Tintin habillé en rouge',3.50,'','',-1.00,4,2,0,0,'2020-06-08 09:24:55','2021-01-01 19:48:39',12,'BTE DELACRE BLEUE',14.5,1,'',1),(947,56,'Haddock avec son perroquet vert',6.00,'','',-1.00,29,2,1965,0,'2020-06-08 09:26:34','2020-12-30 22:59:07',0,'Bois vitré avec cases',23,1,'',1),(948,56,'Haddock avec son perroquet rouge',6.00,'','',-1.00,29,2,1965,0,'2020-06-08 09:27:17','2021-01-01 19:55:53',12,'Bois vitré avec cases',23,1,'',1),(949,56,'Tintin et Milou',5.50,'','',-1.00,29,2,1965,0,'2020-06-08 09:28:04','2020-12-30 23:00:05',0,'Bois vitré avec cases',30,1,'',1),(950,35,'La Castafiore',0.00,'','',0.83,15,10,2007,0,'2020-06-08 11:14:35','2021-02-06 17:13:01',0,'Métal Delacre Licorne',NULL,1,'',1),(951,33,'Le crabe aux pinces d\'or',0.00,'','',-1.00,31,11,1988,0,'2020-06-08 21:46:57','2020-12-31 00:41:25',0,'Meuble Bureau',NULL,1,'',1),(952,35,'Dupont et Dupond',0.00,'','',0.83,15,10,2007,0,'2020-06-08 21:53:03','2021-02-06 17:13:20',0,'Métal Delacre Licorne',NULL,1,'',1),(953,35,'Haddock',0.00,'','',0.83,15,10,2007,0,'2020-06-08 21:54:22','2021-02-06 17:13:10',0,'Métal Delacre Licorne',NULL,1,'',1),(954,35,'Tchang',0.00,'','',0.83,15,10,2007,0,'2020-06-08 21:55:06','2021-02-06 17:13:38',0,'Métal Delacre Licorne',NULL,1,'',1),(955,35,'Tintin',0.00,'','',0.83,15,10,2007,0,'2020-06-08 21:55:44','2021-02-06 17:13:46',0,'Métal Delacre Licorne',NULL,1,'',1),(956,35,'Tournesol',0.00,'','',0.83,15,10,2007,0,'2020-06-08 21:56:44','2021-02-06 17:13:53',0,'Métal Delacre Licorne',NULL,1,'',1),(957,NULL,'Jeu de 7 Familles Willeb',0.00,'','REF1924',-1.00,5,3,1977,0,'2020-06-08 21:59:12','2020-12-30 23:30:57',0,'Boite cartes',NULL,1,'',1),(958,37,'Chevalier François de Hadoque',11.00,'','',0.00,17,1,2011,1,'2020-06-08 22:01:10','2021-01-14 23:07:59',20,'Bte Adidas',2.9,1,'',1),(959,37,'Dupont canne à droite',9.00,'','',0.00,17,1,2011,1,'2020-06-08 22:05:55','2021-01-14 23:09:29',14,'Bte Adidas',2.9,1,'accessoires non possédés',1),(960,37,'Haddock',9.00,'','',0.00,17,1,2011,1,'2020-06-08 22:23:42','2021-01-14 23:11:43',16,'Bte Adidas',3,1,'accessoires non possédés',1),(961,37,'Tintin',9.00,'','',0.00,17,1,2011,1,'2020-06-08 22:24:36','2021-01-14 23:11:20',12,'Bte Adidas',2.9,1,'accessoires non possédés',1),(962,NULL,'Jeu de famille bleu',0.00,'','',-1.00,19,3,2010,0,'2020-06-08 22:26:10','2021-01-03 19:46:37',0,'Boite cartes',NULL,1,'',1),(963,NULL,'Jeu de famille orange',0.00,'','',-1.00,19,3,2010,0,'2020-06-08 22:27:38','2021-01-03 19:49:52',0,'Boite cartes',NULL,1,'',1),(964,82,'La Castafiore',8.50,'','',-1.00,19,2,2003,0,'2020-06-08 23:01:39','2021-01-03 20:51:50',52,'BTE DELACRE BLEUE',5,1,'',1),(965,43,'Dupont canne à la main droite',5.60,'','42451',4.95,19,2,2010,12,'2020-06-08 23:03:06','2021-01-03 21:25:14',12,'BTE DELACRE BLEUE',4.5,1,'canne à la main droite',1),(966,NULL,'Tintin et les voitures',0.00,'','2118985',-1.00,19,3,2007,0,'2020-06-08 23:04:25','2021-01-03 19:53:05',0,'Boite cartes',NULL,1,'',1),(967,28,'Badge Tintin courant',3.50,'','',-1.00,21,8,2013,0,'2020-06-08 23:08:30','2020-06-09 22:04:35',2,'Coffret Fèves',1,1,'',0),(968,28,'La Castafiore',3.50,'','',-1.00,21,8,2013,0,'2020-06-08 23:09:08','2020-06-09 22:03:33',2,'Coffret Fèves',1,1,'',0),(969,28,'Dupond bras baissé',3.50,'','',-1.00,21,8,2013,0,'2020-06-08 23:09:47',NULL,2,'Coffret Fèves',1,1,'',0),(970,28,'Dupont bras levé',3.50,'','',-1.00,21,8,2013,0,'2020-06-08 23:10:13',NULL,2,'Coffret Fèves',1,1,'',0),(971,28,'Haddock',3.50,'','',-1.00,21,8,2013,0,'2020-06-08 23:10:42',NULL,2,'Coffret Fèves',1,1,'',0),(972,28,'L\'Emir',3.50,'','',-1.00,21,8,2013,0,'2020-06-08 23:11:11',NULL,2,'Coffret Fèves',1,1,'',0),(973,28,'Milou',3.50,'','',-1.00,21,8,2013,0,'2020-06-08 23:12:23',NULL,2,'Coffret Fèves',1,1,'',0),(974,28,'Nestor',3.50,'','',-1.00,21,8,2013,0,'2020-06-08 23:12:48',NULL,2,'Coffret Fèves',1,1,'',0),(975,28,'Tintin cheveux clairs',3.50,'','',-1.00,21,8,2013,0,'2020-06-08 23:13:16','2020-06-11 10:29:49',2,'Métal Delacre Licorne',1,1,'',0),(976,28,'Tintin cheveux foncés',3.50,'','',-1.00,21,8,2013,0,'2020-06-08 23:13:42','2020-06-09 22:03:14',2,'Coffret Fèves',1,1,'',0),(977,80,'Le Fétiche',7.00,'','',6.00,23,2,1994,0,'2020-06-08 23:15:26','2021-01-03 20:44:50',10,'BTE DELACRE BLEUE',3.99,1,'',1),(978,80,'La Fusée Lunaire',7.00,'','',6.00,23,2,1994,0,'2020-06-08 23:16:19','2021-01-03 20:42:36',10,'BTE DELACRE BLEUE',2.51,1,'',1),(979,80,'Haddock',8.50,'','',6.00,23,2,1994,0,'2020-06-08 23:17:26','2021-01-03 20:41:04',33,'BTE DELACRE BLEUE',4.5,1,'',1),(980,50,'Milou',8.00,'','',-1.00,26,5,1995,0,'2020-06-08 23:18:29','2021-01-04 00:38:01',18,'Métal Delacre Licorne',3.7,1,'',1),(981,50,'Tournesol',27.00,'','',-1.00,26,5,1995,0,'2020-06-08 23:19:10','2021-01-04 00:37:27',128,'Bois Secrete Lotus Bleu',12,1,'',1),(982,54,'Tintin et milou',0.00,'inscription dans le dos :\r\n&copy by PUBLICA\r\nHERGE 1982\r\nVICMA','',-1.00,27,1,1982,0,'2020-06-08 23:31:46','2020-07-23 10:42:28',0,'',NULL,0,'',1),(983,50,'Dupont',0.00,'','',-1.00,26,5,1995,0,'2020-06-08 23:33:24',NULL,0,'',NULL,0,'',0),(984,50,'Haddock',0.00,'','',-1.00,26,5,1995,0,'2020-06-08 23:33:49',NULL,0,'',NULL,0,'',0),(985,50,'Tintin',0.00,'','',-1.00,26,5,1995,0,'2020-06-08 23:34:16',NULL,0,'',NULL,0,'',0),(986,9,'Dupond canne à droite',0.00,'','',-1.00,3,1,1990,0,'2020-06-08 23:37:43',NULL,0,'',NULL,0,'',0),(987,9,'Dupont canne à gauche',0.00,'','',-1.00,3,1,1990,0,'2020-06-08 23:38:15',NULL,0,'',NULL,0,'',0),(988,9,'Haddock',0.00,'','',-1.00,3,1,1990,0,'2020-06-08 23:39:04',NULL,0,'',NULL,0,'',0),(989,9,'Tournesol',0.00,'','',-1.00,3,1,1990,0,'2020-06-08 23:39:41',NULL,0,'',NULL,0,'',0),(990,7,'Dupond canne à droite',0.00,'','',-1.00,3,1,1990,0,'2020-06-08 23:40:35','2020-06-09 20:56:04',0,'',NULL,0,'',0),(991,7,'Dupont canne à gauche',8.00,'','',-1.00,3,1,1990,0,'2020-06-08 23:41:06','2020-06-11 19:03:33',NULL,'',NULL,0,'',1),(992,7,'Milou',0.00,'','',-1.00,3,1,1990,0,'2020-06-08 23:41:35',NULL,0,'',NULL,0,'',0),(993,8,'Tintin',0.00,'','',-1.00,3,1,1990,0,'2020-06-08 23:43:45',NULL,0,'',NULL,0,'',0),(994,8,'Tournesol (1)',8.00,'Inscription dans le dos:\r\n© HERGE\r\nCE BULLYLAND 1\r\nMADE IN GERMANY','',-1.00,3,1,1990,0,'2020-06-08 23:45:46','2021-02-14 20:16:07',18,'Trieur Plastique Vert',5.5,1,'',1),(995,10,'Affiche Carrefour',0.00,'','',-2.00,7,15,2011,10,'2020-06-08 23:58:51',NULL,0,'',NULL,0,'',1),(996,10,'Affiche Carrefour (2)',0.00,'','',-2.00,7,15,2011,10,'2020-06-08 23:59:23',NULL,0,'',NULL,0,'',1),(997,29,'Milou grand sans timbre',0.00,'','',-1.00,18,9,1958,0,'2020-06-09 00:04:29','2021-01-03 18:22:20',0,'',NULL,0,'',1),(998,30,'Milou',0.00,'','',-1.00,5,1,1972,0,'2020-06-09 00:05:21','2021-01-09 20:03:25',0,'',NULL,0,'',1),(999,37,'Milou et son crayon',5.00,'','',0.00,17,1,2011,1,'2020-06-09 00:06:47','2021-01-14 23:10:34',6,'Bte Adidas',3,1,'',1),(1000,16,'Tintin pistolet cheveux rouge',7.50,'','',-1.00,5,1,1984,0,'2020-06-09 00:10:23','2020-12-31 18:55:05',17,'',NULL,0,'',1),(1001,16,'Tintin pistolet cheveux gris',0.00,'','',-1.00,5,1,1984,0,'2020-06-09 00:10:54',NULL,0,'',NULL,0,'',0),(1002,88,'Dupont canne main gauche',0.00,'','',-1.00,5,2,1984,0,'2020-06-09 00:11:45',NULL,0,'',NULL,0,'',0),(1003,NULL,'Tintin et Milou dans le Monde',0.00,'Ce jeu existe en deux versions :\r\n-1969 version cartonnée\r\n-1980 les pions des personnages sont differents et les supports des piéces ne sont plus en carton mais en plastique\r\n\r\nContenu : 1 régle du jeu, 1 plateau 46 x 60, 5 pions numerotés, 35 cartes double indications, 4 bouteilles de rhum vieux, 3 x 8 os bleus, jaunes et rouges, 5 cartes visas, 1 coffre trésor','',-1.00,20,4,0,0,'2020-06-09 00:13:08','2021-01-03 18:57:06',0,'',NULL,0,'',1),(1004,82,'Tintin portant Milou',0.00,'','42412',-1.00,19,2,2003,0,'2020-06-09 08:13:18',NULL,0,'',NULL,0,'',0),(1005,44,'Haddock au rallye',9.00,'','42425',4.95,19,2,2010,5,'2020-06-09 08:19:53','2020-06-10 08:51:21',0,'',NULL,0,'',0),(1006,46,'Dupond baigneur',0.00,'','42459',4.95,19,2,2011,4,'2020-06-09 08:20:45','2020-06-10 08:49:52',12,'',NULL,0,'',0),(1007,47,'Dupond baigneur',0.00,'','42467',4.95,19,2,2011,4,'2020-06-09 08:21:47','2020-06-10 08:48:49',12,'',NULL,0,'',0),(1008,43,'La fusée lunaire',5.50,'','42438',4.95,19,2,2009,12,'2020-06-09 08:22:36','2020-06-11 08:34:20',0,'',NULL,0,'',0),(1009,46,'Tintin salue',9.00,'','42424',-1.00,19,2,2011,11,'2020-06-09 08:32:05',NULL,0,'',NULL,0,'',0),(1010,43,'Haddock au rallye',5.40,'','42435',4.95,19,2,2010,5,'2020-06-09 08:33:07','2020-06-10 08:42:59',0,'BTE DELACRE BLEUE',5.5,1,'',1),(1011,47,'Tintin salue',5.60,'','42434',4.95,19,2,2011,11,'2020-06-09 08:34:01','2020-06-10 23:38:32',NULL,'',NULL,0,'',0),(1012,99,'Haddock avec journal',9.50,'','42489',6.50,19,2,2012,11,'2020-06-09 08:41:57','2020-06-10 08:38:59',0,'',NULL,0,'',0),(1013,91,'Haddock avec journal',0.00,'','',-1.00,19,1,2012,11,'2020-06-09 08:42:41','2020-06-10 08:34:56',0,'',NULL,0,'',0),(1014,48,'Haddock avec journal',0.00,'','',-1.00,19,1,2012,11,'2020-06-09 08:43:08','2020-06-10 08:33:55',0,'',NULL,0,'',0),(1015,99,'Tintin marchant trench',8.50,'','42487',-1.00,19,2,2012,11,'2020-06-09 08:46:26','2020-06-11 08:34:43',0,'',NULL,0,'',0),(1016,91,'Tintin marchant trench',8.50,'','',6.50,19,1,2012,11,'2020-06-09 08:50:09','2020-06-10 08:30:59',0,'',NULL,0,'',0),(1017,80,'La Castafiore',8.50,'','',6.00,23,2,1994,0,'2020-06-09 08:51:15',NULL,0,'',NULL,0,'',0),(1018,80,'Dupond à la loupe',8.50,'','',6.00,23,2,1994,0,'2020-06-09 08:51:51','2021-01-16 13:37:05',0,'BTE DELACRE BLEUE',9.59,1,'dont 3.6€ de frais de port',1),(1019,80,'Dupont pistolet',8.50,'','',6.00,23,2,1994,0,'2020-06-09 08:52:59',NULL,0,'',NULL,0,'',0),(1020,80,'Milou',4.00,'','',6.00,23,2,1994,0,'2020-06-09 08:53:25','2020-06-11 08:35:08',0,'',NULL,0,'',0),(1021,80,'Nestor',8.50,'','',6.00,23,2,1994,0,'2020-06-09 08:53:51',NULL,0,'',NULL,0,'',0),(1022,80,'Tintin',8.00,'','',6.00,23,2,1994,0,'2020-06-09 08:54:12','2020-06-11 08:35:37',0,'',NULL,0,'',0),(1023,80,'Tintin Kilt',8.50,'','',6.00,23,2,1994,0,'2020-06-09 08:54:33',NULL,0,'',NULL,0,'',0),(1024,80,'Tournesol',8.50,'','',6.00,23,2,1994,0,'2020-06-09 08:54:53',NULL,0,'',NULL,0,'',0),(1025,28,'Tintin lit',3.50,'','',-1.00,21,8,2013,0,'2020-06-11 10:28:46',NULL,2,'Coffret Fèves',1,1,'',0),(1026,85,'Haddock',8.00,'','',-1.00,3,2,1990,0,'2020-06-11 19:09:45','2020-06-11 19:11:12',NULL,'',NULL,0,'',1),(1027,85,'Tournesol',8.00,'','',-1.00,3,2,1990,0,'2020-06-11 19:38:26',NULL,NULL,'',NULL,0,'',1),(1028,87,'Tintin à la valise',6.00,'','',-1.00,3,2,1977,0,'2020-06-11 20:32:39',NULL,NULL,'',NULL,0,'',0),(1029,87,'Dupond canne à droite',6.00,'','',-1.00,3,2,1977,0,'2020-06-11 20:33:12',NULL,NULL,'',NULL,0,'',0),(1030,87,'Dupont canne à gauche',6.00,'','',-1.00,3,2,1977,0,'2020-06-11 20:33:39',NULL,NULL,'',NULL,0,'',0),(1031,87,'Haddock',6.00,'','',-1.00,3,2,1977,0,'2020-06-11 20:34:02',NULL,NULL,'',NULL,0,'',0),(1032,87,'Tournesol',6.00,'','',-1.00,3,2,1977,0,'2020-06-11 20:34:42',NULL,NULL,'',NULL,0,'',0),(1033,87,'Milou',3.00,'','',-1.00,3,2,1977,0,'2020-06-11 20:35:09','2020-12-31 09:06:22',NULL,'',NULL,0,'',1),(1034,5,'Dupond',14.50,'','',-1.00,5,1,1979,0,'2020-06-11 21:59:49','2021-02-11 16:55:54',NULL,'',NULL,0,'',1),(1035,12,'Les Tenues',0.00,'','',-1.00,5,5,1985,0,'2020-06-11 22:18:28','2020-06-11 22:19:21',NULL,'',NULL,0,'',1),(1036,25,'Niko',5.50,'','',0.00,12,1,1974,0,'2020-06-26 18:21:10','2020-12-30 19:57:32',NULL,'Boite Carton Moran’s',4.4,1,'',1),(1037,27,'Niko',5.50,'','',0.00,12,1,1974,0,'2020-06-26 18:22:15','2020-12-30 20:01:39',NULL,'Boite Carton Moran’s',4.4,1,'',1),(1038,43,'Tintin assis tibet',3.50,'','42447',4.95,19,2,2010,0,'2020-06-26 19:24:27',NULL,NULL,'BTE DELACRE BLEUE',4.4,1,'',1),(1039,47,'Dupont Baigneur',5.50,'','42480',4.95,19,2,2011,0,'2020-06-26 19:33:21',NULL,NULL,'BTE DELACRE BLEUE',3.4,1,'',1),(1040,47,'Chevalier de Hadoque',7.00,'','42481',4.95,19,2,2011,0,'2020-06-26 20:34:02',NULL,NULL,'BTE DELACRE BLEUE',4.4,1,'',1),(1041,100,'Haddock journal',6.00,'','42499',4.95,19,2,2012,0,'2020-06-26 21:53:37','2021-01-01 23:02:21',NULL,'BTE DELACRE BLEUE',3.4,1,'',1),(1042,101,'Tintin',6.50,'Inscription sous le socle de la figurine : © PARAMOUNT PICTURES','',-1.00,33,1,2011,0,'2020-06-28 09:31:15','2020-06-28 09:47:04',NULL,'Trieur Plastique Vert',1.1,1,'',1),(1043,101,'Dupond et dupont',7.00,'Inscription sous le socle de la figurine : © PARAMOUNT PICTURES','',-1.00,33,1,2011,0,'2020-06-28 09:32:47','2020-06-28 09:46:46',NULL,'Trieur Plastique Vert',1.1,1,'',1),(1044,101,'Milou',4.30,'Inscription sous le socle de la figurine : © PARAMOUNT PICTURES','',-1.00,33,1,2011,0,'2020-06-28 09:33:29','2020-06-28 09:46:58',NULL,'Trieur Plastique Vert',1.1,1,'',1),(1045,101,'Haddock',6.80,'Inscription sous le socle de la figurine : © PARAMOUNT PICTURES','',-1.00,33,1,2011,0,'2020-06-28 09:34:12','2020-06-28 09:46:51',NULL,'Trieur Plastique Vert',1.1,1,'',1),(1046,101,'Don\'t Worry',0.00,'Jeu de petit chevaux','',-1.00,33,4,2011,0,'2020-06-28 10:00:28',NULL,NULL,'',NULL,0,'',1),(1047,35,'Planche de Timbre La Poste 2007',0.00,'','',5.00,15,10,2007,0,'2020-12-30 23:25:05','2020-12-30 23:27:01',NULL,'Métal Delacre Licorne',-1,1,'',1),(1048,102,'Le Capitaine Haddock',27.00,'','',-1.00,34,5,1986,0,'2020-12-31 01:00:54','2021-01-27 08:59:04',NULL,'en attente rangement Bureau',40,1,'',1),(1049,102,'Tournesol',24.00,'','',-1.00,34,5,1986,0,'2020-12-31 08:10:30','2020-12-31 08:36:36',NULL,'',NULL,0,'',1),(1050,102,'Dupond',27.00,'','',-1.00,34,5,1986,0,'2020-12-31 08:15:24','2020-12-31 08:20:36',NULL,'',NULL,0,'',1),(1051,102,'Dupont',27.00,'','',-1.00,34,5,1986,0,'2020-12-31 08:25:02',NULL,NULL,'',NULL,0,'',1),(1052,102,'Tintin et Milou',25.00,'','',-1.00,34,5,1986,0,'2020-12-31 08:38:11','2020-12-31 08:39:59',NULL,'',NULL,0,'',1),(1053,19,'Coffret carte En voiture Tintin',0.00,'','',0.00,6,3,0,0,'2021-01-03 20:05:21','2021-01-10 19:38:10',NULL,'Boite cartes',NULL,1,'',1),(1054,24,'Gros Méchant',7.00,'','',0.00,12,1,1974,0,'2021-01-05 12:17:03','2021-01-05 12:18:03',10,'',NULL,0,'',1),(1055,23,'Dupont canne main droite',6.80,'','',0.00,12,1,1974,0,'2021-01-05 12:20:39',NULL,7,'',NULL,0,'',1),(1056,22,'Lieutenant Ralph',6.50,NULL,NULL,0.00,12,1,1974,0,'2021-01-05 12:22:19',NULL,8,'Boite Carton Moran’s',4.95,1,NULL,1),(1057,22,'Marin chauve',5.50,'','',0.00,12,1,1974,0,'2021-01-05 12:23:38',NULL,3,'',NULL,0,'',1),(1058,22,'Nouchka',5.00,'','',0.00,12,1,1974,0,'2021-01-05 12:24:35',NULL,3,'',NULL,0,'',1),(1059,22,'Plongeur masque baissé',7.00,'','',0.00,12,1,1974,0,'2021-01-05 12:26:06',NULL,6,'',NULL,0,'',1),(1060,22,'Milou',2.50,'','',0.00,12,1,1974,0,'2021-01-05 12:29:02',NULL,2,'',NULL,0,'',1),(1061,103,'Ils arrivent, le Petit Vingtième',19.00,'Inspirée par l’illustration de la couverture du Petit Vingtième du 28 novembre 1935','',-1.00,19,1,2011,0,'2021-01-06 21:33:43','2021-01-27 08:57:53',250,'en attente rangement Bureau',18.5,1,'',1),(1062,103,'Tintin salue',18.50,'','',-1.00,19,1,2011,0,'2021-01-07 08:20:09','2021-01-27 08:58:07',150,'en attente rangement Bureau',NULL,1,'',1),(1063,37,'Rackham le Rouge et son coffre',10.50,'Accompagné du coffre qui permet de dechiffrer les dessins cachés dans les cartes.\r\nTaille du coffre :\r\nlargeur : 4.8cm\r\nprofondeur : 4.2cm\r\nhauteur : 3.2cm\r\n19 grammes','',0.00,17,1,2011,1,'2021-01-09 20:12:43','2021-01-14 23:08:32',23,'Bte Adidas',2.25,1,'',1),(1064,37,'Longue Vue La Licorne',15.00,'','',0.00,17,1,2011,1,'2021-01-09 20:23:12','2021-01-14 23:10:56',44,'Bte Adidas',3,1,'',1),(1065,104,'Tintin Gigoteux',0.00,'Existe en rouge ou bleu','',0.00,35,1,1966,0,'2021-01-12 19:21:41','2021-01-12 19:27:57',NULL,'',NULL,0,'',1),(1066,104,'Milou Gigoteux',0.00,'Existe en jaune ou rouge','',0.00,35,1,1966,0,'2021-01-12 19:24:15','2021-01-12 19:27:40',NULL,'',NULL,0,'',1),(1067,104,'Ptits Tresors',0.00,'Boite de céréales dons lesquelles étaient les gigoteux','',-1.00,35,16,1966,0,'2021-01-12 19:27:00',NULL,NULL,'',NULL,0,'',1),(1068,73,'La Castafiore',3.00,'','',0.00,25,1,1971,0,'2021-01-12 19:32:29',NULL,1,'',NULL,0,'',1),(1069,73,'Abdalah',3.00,'','',0.00,25,1,1971,0,'2021-01-12 19:33:27',NULL,1,'',NULL,0,'',1),(1070,73,'Dupont bras collé',3.00,'','',0.00,25,1,1971,0,'2021-01-12 19:34:04',NULL,1,'',NULL,0,'',1),(1071,73,'Haddock',3.00,'','',0.00,25,1,1971,0,'2021-01-12 19:34:32',NULL,1,'',NULL,0,'',1),(1072,73,'Le colonel',3.00,'','',0.00,25,1,1971,0,'2021-01-12 19:36:44',NULL,1,'',NULL,0,'',1),(1073,73,'Le fakir',3.00,'','',0.00,25,1,1971,0,'2021-01-12 19:37:12',NULL,1,'',NULL,0,'',1),(1074,73,'Philemon Siclone',3.00,'','',0.00,25,1,1971,0,'2021-01-12 19:37:48',NULL,1,'',NULL,0,'',1),(1075,73,'Rackham le Rouge',3.00,'','',0.00,25,1,1971,0,'2021-01-12 19:38:17',NULL,1,'',NULL,0,'',1),(1076,73,'Tournesol',3.00,'','',0.00,25,1,1971,0,'2021-01-12 19:38:47',NULL,1,'',NULL,0,'',1),(1077,73,'Oliveira Da Figueira',3.00,'','',0.00,25,1,1971,0,'2021-01-12 19:39:17',NULL,1,'',NULL,0,'',1),(1078,73,'Zorrino',3.00,'','',0.00,25,1,1971,0,'2021-01-12 19:39:48',NULL,1,'',NULL,0,'',1),(1079,73,'Milou',3.00,'','',0.00,25,1,1971,0,'2021-01-12 19:41:12',NULL,1,'',NULL,0,'',1),(1080,73,'Docteur Finney',3.00,'','',0.00,25,1,1971,0,'2021-01-12 19:41:41',NULL,1,'',NULL,0,'',1),(1081,73,'Rastapopoulos',3.00,'','',0.00,25,1,1971,0,'2021-01-12 19:42:17',NULL,1,'',NULL,0,'',1),(1082,73,'Dupond bras espacé',3.00,'','',0.00,25,1,1971,0,'2021-01-12 19:42:43',NULL,1,'',NULL,0,'',1),(1083,73,'Tintin',3.00,'','',0.00,25,1,1971,0,'2021-01-12 19:43:32',NULL,1,'',NULL,0,'',1),(1084,74,'Tintin',3.00,'','',0.00,25,1,1971,0,'2021-01-12 19:45:26',NULL,1,'',NULL,0,'',1),(1085,74,'Dupont bras collé',3.00,'','',0.00,25,1,1971,0,'2021-01-12 19:46:02',NULL,1,'',NULL,0,'',1),(1086,74,'Haddock',3.00,'','',0.00,25,1,1971,0,'2021-01-12 19:46:24',NULL,1,'',NULL,0,'',1),(1087,74,'Abdalah',3.00,'','',0.00,25,1,1971,0,'2021-01-12 19:48:04',NULL,1,'',NULL,0,'',1),(1088,74,'L\'Emir',3.00,'','',0.00,25,1,1971,0,'2021-01-12 19:48:51',NULL,1,'',NULL,0,'',1),(1089,74,'Le fakir',3.00,'','',0.00,25,1,1971,0,'2021-01-12 19:49:25',NULL,1,'',NULL,0,'',1),(1090,74,'Nestor',3.00,'','',0.00,25,1,1971,0,'2021-01-12 19:49:58',NULL,1,'',NULL,0,'',1),(1091,74,'Philemon Siclone',3.00,'','',0.00,25,1,1971,0,'2021-01-12 19:50:48',NULL,1,'',NULL,0,'',1),(1092,74,'Rackham le Rouge',3.00,'','',0.00,25,1,1971,0,'2021-01-12 19:51:46',NULL,1,'',NULL,0,'',1),(1093,74,'Tournesol',3.00,'','',0.00,25,1,1971,0,'2021-01-12 19:52:09',NULL,1,'',NULL,0,'',1),(1094,74,'Oliveira Da Figueira',3.00,'','',0.00,25,1,1971,0,'2021-01-12 19:53:07',NULL,1,'',NULL,0,'',1),(1095,74,'Zorrino',3.00,'','',0.00,25,1,1971,0,'2021-01-12 19:53:31',NULL,1,'',NULL,0,'',1),(1096,74,'Rastapopoulos',3.00,'','',0.00,25,1,1971,0,'2021-01-12 19:54:06',NULL,1,'',NULL,0,'',1),(1097,74,'Allan',3.00,'','',0.00,25,1,1971,0,'2021-01-12 19:54:27',NULL,1,'',NULL,0,'',1),(1098,74,'Milou',3.00,'','',0.00,25,1,1971,0,'2021-01-12 19:55:07',NULL,1,'',NULL,0,'',1),(1099,74,'Wang',3.00,'','',0.00,25,1,1971,0,'2021-01-12 19:55:26',NULL,1,'',NULL,0,'',1),(1100,74,'Docteur Finney',3.00,'','',0.00,25,1,1971,0,'2021-01-12 19:55:57',NULL,1,'',NULL,0,'',1),(1101,75,'Dupond bras espacé',6.00,'','',0.00,25,1,1971,0,'2021-01-12 19:58:04',NULL,1,'',NULL,0,'',1),(1102,75,'L\'Emir',3.00,'','',0.00,25,1,1971,0,'2021-01-12 19:58:43',NULL,1,'',NULL,0,'',1),(1103,75,'Le fakir',3.00,'','',0.00,25,1,1971,0,'2021-01-12 19:59:21',NULL,1,'',NULL,0,'',1),(1104,75,'Milou',3.00,'','',0.00,25,1,1971,0,'2021-01-12 19:59:52',NULL,1,'',NULL,0,'',1),(1105,75,'Nestor',3.00,'','',0.00,25,1,1971,0,'2021-01-12 20:00:24',NULL,1,'',NULL,0,'',1),(1106,75,'Wang',3.00,'','',0.00,25,1,1971,0,'2021-01-12 20:01:19',NULL,1,'',NULL,0,'',1),(1107,76,'Docteur Finney',3.00,'','',0.00,25,1,1971,0,'2021-01-12 20:02:18','2021-01-14 23:02:03',1,'Bois vitré avec cases',3,1,'',1),(1108,76,'Dupond bras espacé',3.00,'','',0.00,25,1,1971,0,'2021-01-12 20:02:53',NULL,1,'',NULL,0,'',1),(1109,76,'L\'Emir',3.00,'','',0.00,25,1,1971,0,'2021-01-12 20:03:29',NULL,1,'',NULL,0,'',1),(1110,76,'La Castafiore',3.00,'','',0.00,25,1,1971,0,'2021-01-12 20:04:25',NULL,1,'',NULL,0,'',1),(1111,76,'Le fakir',3.00,'','',0.00,25,1,1971,0,'2021-01-12 20:05:05',NULL,1,'',NULL,0,'',1),(1112,76,'Nestor',3.00,'','',0.00,25,1,1971,0,'2021-01-12 20:05:37',NULL,1,'',NULL,0,'',1),(1113,76,'Philemon Siclone',3.00,'','',0.00,25,1,1971,0,'2021-01-12 20:06:12',NULL,1,'',NULL,0,'',1),(1114,76,'Rackham le Rouge',3.00,'','',0.00,25,1,0,0,'2021-01-12 20:06:44',NULL,1,'',NULL,0,'',1),(1115,76,'Rastapopoulos',3.00,'','',0.00,25,1,1971,0,'2021-01-12 20:07:03',NULL,1,'',NULL,0,'',1),(1116,76,'Tintin',3.00,'','',0.00,25,1,1971,0,'2021-01-12 20:07:28',NULL,1,'',NULL,0,'',1),(1117,76,'Tournesol',3.00,'','',0.00,25,1,1971,0,'2021-01-12 20:07:51',NULL,1,'',NULL,0,'',1),(1118,76,'Zorrino',3.00,'','',0.00,25,1,1971,0,'2021-01-12 20:08:22',NULL,1,'',NULL,0,'',1),(1119,77,'Abdalah',3.00,'','',0.00,25,1,1971,0,'2021-01-12 20:11:17',NULL,1,'',NULL,0,'',1),(1120,77,'Allan',3.00,'','',0.00,25,1,1971,0,'2021-01-12 20:11:44',NULL,1,'',NULL,0,'',1),(1121,77,'Docteur Finney',3.00,'','',0.00,25,1,1971,0,'2021-01-12 20:12:06',NULL,1,'',NULL,0,'',1),(1122,77,'Dupond bras espacé',3.00,'','',0.00,25,1,1971,0,'2021-01-12 20:12:29',NULL,1,'',NULL,0,'',1),(1123,77,'Dupont bras collé',3.00,'','',0.00,25,1,1971,0,'2021-01-12 20:12:51',NULL,1,'',NULL,0,'',1),(1124,77,'Haddock',3.00,'','',0.00,25,1,1971,0,'2021-01-12 20:13:12',NULL,1,'',NULL,0,'',1),(1125,77,'L\'Emir',3.00,'','',0.00,25,1,1971,0,'2021-01-12 20:13:42',NULL,1,'',NULL,0,'',1),(1126,77,'La Castafiore',3.00,'','',0.00,25,1,1971,0,'2021-01-12 20:14:04',NULL,1,'',NULL,0,'',1),(1127,77,'Le colonel',3.00,'','',0.00,25,1,1971,0,'2021-01-12 20:14:30',NULL,1,'',NULL,0,'',1),(1128,77,'Milou',3.00,'','',0.00,25,1,1971,0,'2021-01-12 20:14:57',NULL,1,'',NULL,0,'',1),(1129,77,'Oliveira Da Figueira',3.00,'','',0.00,25,1,1971,0,'2021-01-12 20:15:31',NULL,1,'',NULL,0,'',1),(1130,77,'Rackham le Rouge',3.00,'','',0.00,25,1,0,0,'2021-01-12 20:15:57',NULL,1,'',NULL,0,'',1),(1131,77,'Tintin',3.00,'','',0.00,25,1,1971,0,'2021-01-12 20:16:22',NULL,1,'',NULL,0,'',1),(1132,77,'Tournesol',3.00,'','',0.00,25,1,1971,0,'2021-01-12 20:16:41',NULL,1,'',NULL,0,'',1),(1133,77,'Wang',3.00,'','',0.00,25,1,1971,0,'2021-01-12 20:17:03',NULL,1,'',NULL,0,'',1),(1134,77,'Zorrino',3.00,'','',0.00,25,1,1971,0,'2021-01-12 20:17:24',NULL,1,'',NULL,0,'',1),(1135,78,'Abdalah',3.00,'','',0.00,25,1,1971,0,'2021-01-12 20:18:00',NULL,1,'',NULL,0,'',1),(1136,78,'Allan',3.00,'','',0.00,25,1,1971,0,'2021-01-12 20:18:22',NULL,1,'',NULL,0,'',1),(1137,78,'Docteur Finney',3.00,'','',0.00,25,1,1971,0,'2021-01-12 20:18:50',NULL,1,'',NULL,0,'',1),(1138,78,'Dupond bras espacé',3.00,'','',0.00,25,1,1971,0,'2021-01-12 20:19:17',NULL,1,'',NULL,0,'',1),(1139,78,'Haddock',3.00,'','',0.00,25,1,1971,0,'2021-01-12 20:19:43',NULL,1,'',NULL,0,'',1),(1140,78,'L\'Emir',3.00,'','',0.00,25,1,1971,0,'2021-01-12 20:20:11',NULL,1,'',NULL,0,'',1),(1141,78,'La Castafiore',3.00,'','',0.00,25,1,1971,0,'2021-01-12 20:20:43',NULL,1,'',NULL,0,'',1),(1142,78,'Le fakir',3.00,'','',0.00,25,1,1971,0,'2021-01-12 20:21:14',NULL,1,'',NULL,0,'',1),(1143,78,'Milou',3.00,'','',0.00,25,1,1971,0,'2021-01-12 20:21:44',NULL,1,'',NULL,0,'',1),(1144,78,'Nestor',3.00,'','',0.00,25,1,1971,0,'2021-01-12 20:22:05',NULL,1,'',NULL,0,'',1),(1145,78,'Philemon Siclone',3.00,'','',0.00,25,1,1971,0,'2021-01-12 20:22:35',NULL,1,'',NULL,0,'',1),(1146,78,'Rackham le Rouge',3.00,'','',0.00,25,1,1971,0,'2021-01-12 20:22:57',NULL,1,'',NULL,0,'',1),(1147,78,'Rastapopoulos',3.00,'','',0.00,25,1,1971,0,'2021-01-12 20:23:16',NULL,1,'',NULL,0,'',1),(1148,78,'Tintin',3.00,'','',0.00,25,1,1971,0,'2021-01-12 20:23:43',NULL,1,'',NULL,0,'',1),(1149,78,'Tournesol',3.00,'','',0.00,25,1,1971,0,'2021-01-12 20:24:05',NULL,1,'',NULL,0,'',1),(1150,78,'Wang',3.00,'','',0.00,25,1,0,0,'2021-01-12 20:24:25',NULL,1,'',NULL,0,'',1),(1151,79,'Allan',3.00,'','',0.00,25,1,1971,0,'2021-01-12 20:37:50',NULL,1,'',NULL,0,'',1),(1152,79,'Docteur Finney',3.00,'','',0.00,25,1,1971,0,'2021-01-12 20:38:19',NULL,1,'',NULL,0,'',1),(1153,79,'Dupond bras espacé',3.00,'','',0.00,25,1,1971,0,'2021-01-12 20:38:48',NULL,1,'',NULL,0,'',1),(1154,79,'Milou',3.00,'','',0.00,25,1,1971,0,'2021-01-12 20:39:37',NULL,1,'',NULL,0,'',1),(1155,79,'Oliveira Da Figueira',3.00,'','',0.00,25,1,1971,0,'2021-01-12 20:40:16',NULL,1,'',NULL,0,'',1),(1156,79,'Rastapopoulos',3.00,'','',0.00,25,1,1971,0,'2021-01-12 20:40:47','2021-01-14 22:59:25',1,'Bois vitré avec cases',3,1,'',1),(1157,79,'Tintin',3.00,'','',0.00,25,1,1971,0,'2021-01-12 20:41:19',NULL,1,'',NULL,0,'',1),(1158,79,'Wang',3.00,'','',0.00,25,1,1971,0,'2021-01-12 20:41:44','2021-01-14 22:57:28',1,'Bois vitré avec cases',NULL,1,'',1),(1159,79,'Zorrino',3.00,'','',0.00,25,1,1971,0,'2021-01-12 20:42:05','2021-01-14 22:57:42',1,'Bois vitré avec cases',3,1,'',1),(1160,36,'Boite Livraria Bertrand',0.00,'Boite dans laquelle les figurines étaient présentées pour etre vendues','',-2.00,10,16,1980,0,'2021-01-12 20:44:54','2021-01-12 20:46:17',NULL,'',NULL,0,'',1),(1161,37,'La Licorne',10.00,'','',0.00,17,1,2011,0,'2021-01-12 23:36:08','2021-01-15 08:18:31',36,'Bte Adidas',3,1,'',1),(1163,NULL,'Tintn en moto',3.00,'Inscription :\r\nYOSHINORI RINS\r\nBIJOUX EN FRANCE','',-1.00,37,12,0,0,'2021-01-15 08:17:38','2021-01-16 13:44:21',2,'BTE DELACRE BLEUE',3,1,'',1),(1164,NULL,'Haddock',0.00,'','',-1.00,37,12,0,0,'2021-01-15 08:27:04',NULL,NULL,'',NULL,0,'',1),(1165,NULL,'Bonbons Brochet',2.20,'','',-1.00,38,2,1965,0,'2021-01-16 13:31:10','2021-01-16 13:32:05',7,'BTE DELACRE BLEUE',3,1,'',1),(1166,NULL,'Tintin et Milou saluants',4.20,'','',0.00,6,2,0,0,'2021-01-16 13:40:16',NULL,9,'BTE DELACRE BLEUE',3,1,'',1),(1167,NULL,'Le Sous Marin Requin',2.00,'','',-1.00,37,12,0,0,'2021-01-16 13:42:10','2021-01-16 13:42:25',2,'BTE DELACRE BLEUE',3,1,'',1),(1168,NULL,'Tintin p',2.70,'','',-1.00,5,12,0,0,'2021-01-16 13:49:20','2021-01-16 13:50:00',2,'BTE DELACRE BLEUE',3,1,'',1),(1169,NULL,'Milou m',2.60,'','',-1.00,5,12,0,0,'2021-01-16 13:50:27',NULL,2,'BTE DELACRE BLEUE',3,1,'',1),(1170,99,'Haddock journal',9.00,'','42489',4.95,19,2,2012,0,'2021-01-24 09:13:53','2021-01-24 20:20:31',NULL,'BTE DELACRE BLEUE',6.56,1,'',1),(1171,85,'Dupond canne à gauche',8.00,'Chaine en maille\r\nInscriptions :\r\nSous le pied gauche : CE BULLY\r\nSous le pied droit : © HERGE','',-1.00,3,2,1990,0,'2021-02-15 13:32:25',NULL,22,'',NULL,0,'',1),(1172,85,'Tintin',8.00,'Chemise avec le col bleu\r\nInscriptions :\r\nSous le pied gauche : CE BULLY\r\nSous le pied droit : © HERGE','',-1.00,3,2,1990,0,'2021-02-15 18:26:57',NULL,15,'',NULL,0,'',1),(1173,106,'Tintin',35.00,'','',-1.00,39,1,1962,0,'2021-02-16 18:35:18',NULL,NULL,'',NULL,0,'',1),(1174,106,'Tournesol',35.00,'','',-1.00,39,1,1962,NULL,'2021-02-16 18:36:26',NULL,NULL,'',NULL,0,'',1),(1175,106,'Milou',NULL,'','',-1.00,39,1,1962,0,'2021-02-16 18:37:55',NULL,NULL,'',NULL,0,'',1),(1176,106,'Dupond',NULL,'','',-1.00,39,1,1962,0,'2021-02-16 18:38:38',NULL,NULL,'',NULL,0,'',1),(1177,106,'Haddock',35.00,'','',-1.00,39,1,1962,0,'2021-02-16 18:39:16',NULL,NULL,'',NULL,0,'',1),(1178,106,'Présentoir César',NULL,'','',-1.00,39,16,1962,0,'2021-02-16 18:40:45',NULL,NULL,'',NULL,0,'',1),(1179,98,'Les Héros de la Jeunesse',NULL,'','',-2.00,32,15,NULL,NULL,'2021-02-16 18:55:34',NULL,NULL,'',NULL,0,'',1),(1180,98,'Etiquette sachet',0.00,'','',-2.00,32,16,1967,0,'2021-02-16 18:57:39',NULL,0,'',NULL,0,'',1),(1181,25,'Haddock',7.00,'','',0.00,12,1,1974,0,'2021-02-18 11:43:34',NULL,5,'Boite Carton Moran’s',4.95,1,'',1),(1182,25,'Dupont canne main droite',6.80,NULL,NULL,0.00,12,1,1974,0,'2021-02-18 11:44:13',NULL,7,'Boite Carton Moran’s',4.95,1,NULL,1),(1183,107,'Tintin découvre Haddock',14.50,'Coffret en édition limité à 5000ex\r\nEn 2020 le prix d\'\'\'\'\'\'\'\'\'\'\'\'\'\'\'\'\'\'\'\'\'\'\'\'\'\'\'\'\'\'\'\'achat tourne autour de 330€','43200',99.00,19,7,2009,NULL,'2021-02-19 18:17:55',NULL,NULL,'',NULL,0,'',1),(1184,109,'L\'\'Emir',3.00,'','',-1.00,36,1,1969,NULL,'2021-02-19 21:52:17',NULL,NULL,'',NULL,0,'',1),(1185,110,'Haddock',4.50,'','42315',9.95,19,2,2017,12,'2021-02-22 09:41:27',NULL,0,'BTE DELACRE BLEUE',5.6,1,'',1);
/*!40000 ALTER TABLE `objets` ENABLE KEYS */;
UNLOCK TABLES;

--
-- Table structure for table `objets_albums`
--

DROP TABLE IF EXISTS `objets_albums`;
/*!40101 SET @saved_cs_client     = @@character_set_client */;
/*!40101 SET character_set_client = utf8 */;
CREATE TABLE `objets_albums` (
  `objid` int(11) NOT NULL,
  `albid` int(11) NOT NULL,
  `page` int(11) DEFAULT NULL,
  `vignette` int(11) DEFAULT NULL,
  `imgfile` varchar(256) DEFAULT NULL,
  PRIMARY KEY (`objid`,`albid`),
  KEY `fk_asso_albid_idx` (`albid`),
  KEY `fk_asso_figid_idx` (`objid`),
  CONSTRAINT `fk_asso_albid` FOREIGN KEY (`albid`) REFERENCES `albums` (`albid`) ON UPDATE CASCADE,
  CONSTRAINT `fk_asso_objid` FOREIGN KEY (`objid`) REFERENCES `objets` (`objid`) ON UPDATE CASCADE
) ENGINE=InnoDB DEFAULT CHARSET=utf8;
/*!40101 SET character_set_client = @saved_cs_client */;

--
-- Dumping data for table `objets_albums`
--

LOCK TABLES `objets_albums` WRITE;
/*!40000 ALTER TABLE `objets_albums` DISABLE KEYS */;
/*!40000 ALTER TABLE `objets_albums` ENABLE KEYS */;
UNLOCK TABLES;

--
-- Table structure for table `objets_images`
--

DROP TABLE IF EXISTS `objets_images`;
/*!40101 SET @saved_cs_client     = @@character_set_client */;
/*!40101 SET character_set_client = utf8 */;
CREATE TABLE `objets_images` (
  `imgid` int(11) NOT NULL AUTO_INCREMENT,
  `objid` int(11) NOT NULL,
  `imgfile` varchar(255) NOT NULL,
  `imgorder` int(11) NOT NULL,
  PRIMARY KEY (`imgid`,`objid`),
  KEY `fk_id_fig_idx` (`objid`)
) ENGINE=InnoDB AUTO_INCREMENT=1293 DEFAULT CHARSET=utf8;
/*!40101 SET character_set_client = @saved_cs_client */;

--
-- Dumping data for table `objets_images`
--

LOCK TABLES `objets_images` WRITE;
/*!40000 ALTER TABLE `objets_images` DISABLE KEYS */;
INSERT INTO `objets_images` VALUES (1,4,'000004.JPG',1),(2,5,'000005.JPG',1),(3,6,'000006.JPG',1),(5,8,'000008.JPG',1),(6,9,'000009.JPG',1),(10,25,'000025.JPG',1),(11,26,'000026.JPG',1),(12,27,'000027.JPG',1),(13,28,'000028.JPG',1),(18,33,'000033.JPG',1),(19,589,'000589.JPG',1),(20,34,'000034.JPG',1),(21,35,'000035.JPG',1),(22,588,'000588.JPG',1),(23,36,'000036.JPG',1),(26,12,'000012.JPG',1),(28,14,'000014.JPG',1),(29,15,'000015.JPG',1),(30,16,'000016.JPG',1),(31,17,'000017.JPG',1),(32,18,'000018.JPG',2),(33,19,'000019.JPG',1),(35,21,'000021.JPG',1),(37,3,'000003.JPG',1),(38,30,'000030.JPG',1),(44,38,'000038.JPG',1),(45,39,'000039.JPG',1),(46,40,'000040.JPG',1),(47,41,'000041.JPG',1),(51,42,'000042.JPG',1),(52,43,'000043.JPG',1),(55,46,'000046.JPG',1),(56,47,'000047.JPG',1),(57,48,'000048.JPG',1),(58,49,'000049.JPG',1),(59,50,'000050.JPG',1),(67,99,'000099.JPG',1),(68,87,'000087.JPG',1),(69,88,'000088.JPG',1),(70,89,'000089.JPG',1),(71,90,'000090.JPG',1),(72,85,'000085.JPG',1),(73,91,'000091.JPG',1),(74,92,'000092.JPG',1),(75,93,'000093.JPG',1),(76,94,'000094.JPG',1),(77,95,'000095.JPG',1),(78,96,'000096.JPG',1),(79,97,'000097.JPG',1),(81,98,'000098.JPG',1),(82,86,'000086.JPG',1),(83,100,'000100.JPG',1),(84,102,'000102.JPG',1),(85,101,'000101.JPG',1),(86,103,'000103.JPG',1),(87,104,'000104.JPG',1),(88,105,'000105.JPG',1),(92,109,'000109.JPG',1),(93,110,'000110.JPG',1),(96,113,'000113.JPG',1),(98,115,'000115.JPG',1),(99,116,'000116.JPG',1),(100,117,'000117.JPG',1),(102,119,'000119.JPG',1),(103,120,'000120.JPG',1),(104,121,'000121.JPG',1),(105,122,'000122.JPG',1),(106,123,'000123.JPG',1),(108,125,'000125.JPG',1),(110,127,'000127.JPG',1),(112,129,'000129.JPG',1),(113,130,'000130.JPG',1),(115,132,'000132.JPG',1),(116,134,'000134.JPG',1),(117,133,'000133.JPG',1),(119,136,'000136.JPG',1),(120,137,'000137.JPG',1),(121,138,'000138.JPG',1),(122,139,'000139.JPG',1),(124,141,'000141.JPG',1),(127,144,'000144.JPG',1),(128,145,'000145.JPG',1),(129,146,'000146.JPG',1),(130,147,'000147.JPG',1),(134,151,'000151.JPG',1),(139,156,'000156.JPG',1),(140,157,'000157.JPG',1),(144,161,'000161.JPG',1),(146,163,'000163.JPG',1),(148,166,'000166.JPG',1),(149,165,'000165.JPG',1),(150,167,'000167.JPG',1),(151,168,'000168.JPG',1),(152,169,'000169.JPG',1),(154,171,'000171.JPG',1),(155,172,'000172.JPG',1),(156,173,'000173.JPG',1),(157,174,'000174.JPG',1),(158,175,'000175.JPG',1),(160,177,'000177.JPG',1),(162,179,'000179.JPG',1),(164,182,'000182.JPG',1),(165,181,'000181.JPG',1),(168,185,'000185.JPG',1),(169,186,'000186.JPG',1),(170,187,'000187.JPG',1),(172,189,'000189.JPG',1),(175,192,'000192.JPG',1),(176,193,'000193.JPG',1),(178,194,'000194.JPG',1),(210,59,'000059.JPG',1),(212,61,'000061.JPG',1),(213,62,'000062.JPG',1),(214,63,'000063.JPG',1),(215,64,'000064.JPG',1),(216,65,'000065.JPG',1),(217,66,'000066.JPG',1),(218,67,'000067.JPG',1),(221,69,'000069.JPG',1),(222,71,'000071.JPG',1),(223,72,'000072.JPG',1),(224,73,'000073.JPG',1),(225,74,'000074.JPG',1),(226,75,'000075.JPG',1),(227,78,'000078.JPG',1),(228,79,'000079.JPG',1),(229,80,'000080.JPG',1),(231,82,'000082.JPG',1),(232,83,'000083.JPG',1),(235,216,'000216.JPG',1),(236,217,'000217.JPG',1),(237,218,'000218.JPG',1),(238,219,'000219.JPG',1),(239,220,'000220.JPG',1),(240,221,'000221.JPG',1),(241,227,'000227.JPG',1),(242,228,'000228.JPG',1),(243,229,'000229.JPG',1),(247,223,'000223.JPG',1),(248,226,'000226.JPG',1),(249,222,'000222.JPG',1),(250,224,'000224.JPG',1),(251,225,'000225.JPG',1),(255,233,'000233.JPG',1),(307,681,'000681.JPG',1),(308,682,'000682.JPG',1),(309,683,'000683.JPG',1),(310,684,'000684.JPG',1),(311,685,'000685.JPG',1),(312,686,'000686.JPG',1),(313,687,'000687.JPG',1),(314,688,'000688.JPG',1),(315,689,'000689.JPG',1),(316,690,'000690.JPG',1),(317,691,'000691.JPG',1),(318,692,'000692.JPG',1),(319,693,'000693.JPG',1),(320,694,'000694.JPG',1),(321,695,'000695.JPG',1),(322,696,'000696.JPG',1),(323,697,'000697.JPG',1),(324,698,'000698.JPG',1),(325,699,'000699.JPG',1),(326,700,'000700.JPG',1),(327,701,'000701.JPG',1),(328,702,'000702.JPG',1),(329,703,'000703.JPG',1),(330,704,'000704.JPG',1),(331,705,'000705.JPG',1),(332,706,'000706.JPG',1),(333,707,'000707.JPG',1),(334,708,'000708.JPG',1),(335,709,'000709.JPG',1),(336,710,'000710.JPG',1),(337,711,'000711.JPG',1),(338,712,'000712.JPG',1),(339,713,'000713.JPG',1),(340,714,'000714.JPG',1),(341,715,'000715.JPG',1),(342,716,'000716.JPG',1),(343,717,'000717.JPG',1),(344,718,'000718.JPG',1),(345,719,'000719.JPG',1),(346,720,'000720.JPG',1),(347,721,'000721.JPG',1),(348,722,'000722.JPG',1),(349,723,'000723.JPG',1),(350,724,'000724.JPG',1),(351,725,'000725.JPG',1),(352,726,'000726.JPG',1),(353,727,'000727.JPG',1),(354,728,'000728.JPG',1),(355,729,'000729.JPG',1),(356,730,'000730.JPG',1),(357,731,'000731.JPG',1),(358,732,'000732.JPG',1),(359,733,'000733.JPG',1),(360,734,'000734.JPG',1),(361,735,'000735.JPG',1),(362,736,'000736.JPG',1),(363,737,'000737.JPG',1),(364,738,'000738.JPG',1),(365,739,'000739.JPG',1),(366,740,'000740.JPG',1),(367,741,'000741.JPG',1),(368,742,'000742.JPG',1),(369,743,'000743.JPG',1),(370,744,'000744.JPG',1),(371,745,'000745.JPG',1),(372,746,'000746.JPG',1),(373,747,'000747.JPG',1),(374,748,'000748.JPG',1),(375,749,'000749.JPG',1),(376,750,'000750.JPG',1),(377,751,'000751.JPG',1),(378,752,'000752.JPG',1),(379,753,'000753.JPG',1),(380,754,'000754.JPG',1),(381,755,'000755.JPG',1),(382,756,'000756.JPG',1),(383,757,'000757.JPG',1),(384,758,'000758.JPG',1),(385,759,'000759.JPG',1),(386,760,'000760.JPG',1),(387,761,'000761.JPG',1),(388,762,'000762.JPG',1),(389,763,'000763.JPG',1),(390,764,'000764.JPG',1),(391,765,'000765.JPG',1),(392,766,'000766.JPG',1),(393,767,'000767.JPG',1),(394,768,'000768.JPG',1),(395,769,'000769.JPG',1),(396,770,'000770.JPG',1),(397,771,'000771.JPG',1),(398,772,'000772.JPG',1),(399,773,'000773.JPG',1),(400,774,'000774.JPG',1),(401,775,'000775.JPG',1),(402,776,'000776.JPG',1),(403,777,'000777.JPG',1),(404,778,'000778.JPG',1),(405,779,'000779.JPG',1),(406,780,'000780.JPG',1),(407,781,'000781.JPG',1),(408,782,'000782.JPG',1),(409,783,'000783.JPG',1),(410,784,'000784.JPG',1),(411,785,'000785.JPG',1),(412,786,'000786.JPG',1),(413,674,'000674.JPG',1),(414,787,'000787.JPG',1),(415,284,'000284.JPG',1),(416,76,'000076.JPG',1),(417,789,'000789.JPG',1),(418,675,'000675.JPG',1),(419,676,'000676.JPG',1),(420,582,'000582.JPG',1),(421,672,'000672.JPG',1),(422,673,'000673.JPG',1),(423,677,'000677.JPG',1),(424,678,'000678.JPG',1),(425,679,'000679.JPG',1),(426,680,'000680.JPG',1),(435,257,'000257.JPG',1),(436,259,'000259.JPG',1),(437,258,'000258.JPG',1),(438,260,'000260.JPG',1),(439,261,'000261.JPG',1),(440,262,'000262.JPG',1),(441,263,'000263.JPG',1),(442,266,'000266.JPG',1),(443,264,'000264.JPG',1),(444,267,'000267.JPG',1),(445,268,'000268.JPG',1),(446,269,'000269.JPG',1),(447,270,'000270.JPG',1),(448,271,'000271.JPG',1),(449,272,'000272.JPG',1),(455,274,'000274.JPG',1),(461,283,'000283.JPG',1),(465,285,'000285.JPG',1),(542,345,'000345.JPG',1),(543,346,'000346.JPG',1),(544,347,'000347.JPG',1),(545,348,'000348.JPG',1),(546,349,'000349.JPG',1),(547,350,'000350.JPG',1),(548,351,'000351.JPG',1),(549,352,'000352.JPG',1),(617,409,'000409.JPG',1),(618,410,'000410.JPG',1),(619,411,'000411.JPG',1),(620,412,'000412.JPG',1),(621,413,'000413.JPG',1),(622,414,'000414.JPG',1),(623,415,'000415.JPG',1),(624,416,'000416.JPG',1),(625,417,'000417.JPG',1),(626,418,'000418.JPG',1),(627,419,'000419.JPG',1),(628,423,'000423.JPG',1),(629,424,'000424.JPG',1),(630,425,'000425.JPG',1),(631,426,'000426.JPG',1),(632,427,'000427.JPG',1),(633,428,'000428.JPG',1),(640,435,'000435.JPG',1),(646,441,'000441.JPG',1),(650,445,'000445.JPG',1),(657,452,'000452.JPG',1),(661,456,'000456.JPG',1),(663,458,'000458.JPG',1),(667,462,'000462.JPG',1),(679,474,'000474.JPG',1),(680,475,'000475.JPG',1),(681,476,'000476.JPG',1),(682,477,'000477.JPG',1),(684,479,'000479.JPG',1),(685,480,'000480.JPG',1),(687,482,'000482.JPG',1),(691,486,'000486.JPG',1),(692,487,'000487.JPG',1),(693,488,'000488.JPG',1),(694,489,'000489.JPG',1),(695,490,'000490.JPG',1),(696,491,'000491.JPG',1),(698,493,'000493.JPG',1),(699,494,'000494.JPG',1),(700,495,'000495.JPG',1),(704,499,'000499.JPG',1),(705,500,'000500.JPG',1),(707,502,'000502.JPG',1),(709,504,'000504.JPG',1),(711,506,'000506.JPG',1),(717,512,'000512.JPG',1),(728,523,'000523.JPG',1),(730,525,'000525.JPG',1),(732,527,'000527.JPG',1),(734,529,'000529.JPG',1),(744,539,'000539.JPG',1),(747,542,'000542.JPG',1),(751,546,'000546.JPG',1),(759,554,'000554.JPG',1),(761,556,'000556.JPG',1),(764,559,'000559.JPG',1),(765,560,'000560.JPG',1),(766,561,'000561.JPG',1),(767,562,'000562.JPG',1),(768,563,'000563.JPG',1),(770,565,'000565.JPG',1),(772,567,'000567.JPG',1),(773,568,'000568.JPG',1),(776,571,'000571.JPG',1),(778,35,'000790.JPG',2),(779,790,'000791.JPG',1),(780,791,'000792.JPG',1),(781,791,'000793.JPG',2),(782,792,'000794.JPG',1),(783,792,'000795.JPG',3),(784,792,'000796.JPG',2),(785,31,'000031.JPG',1),(786,32,'000032.JPG',1),(788,398,'000398.JPG',1),(789,400,'000400.JPG',1),(790,401,'000401.JPG',1),(791,402,'000402.JPG',1),(792,403,'000403.JPG',1),(793,404,'000404.JPG',1),(794,405,'000405.JPG',1),(795,406,'000406.JPG',1),(796,407,'000407.JPG',1),(797,408,'000408.JPG',1),(798,57,'000057.JPG',3),(799,58,'000058.JPG',1),(800,60,'000060.JPG',2),(801,273,'000273.JPG',1),(802,277,'000277.JPG',1),(803,278,'000278.JPG',1),(804,281,'000281.JPG',1),(805,282,'000282.JPG',1),(806,286,'000286.JPG',1),(807,287,'000287.JPG',1),(808,316,'000316.JPG',1),(809,602,'000602.JPG',1),(810,606,'000606.JPG',1),(811,614,'000614.JPG',1),(812,638,'000638.JPG',1),(813,639,'000639.JPG',1),(814,640,'000640.JPG',1),(815,794,'000797.JPG',1),(816,32,'000798.JPG',2),(817,34,'000799.JPG',2),(818,795,'000800.JPG',1),(819,796,'000801.JPG',1),(820,797,'000802.JPG',1),(821,798,'000803.JPG',1),(822,798,'000804.JPG',3),(823,799,'000805.JPG',1),(824,800,'000806.JPG',1),(825,801,'000807.JPG',1),(826,802,'000808.JPG',1),(827,803,'000809.JPG',1),(828,804,'000810.JPG',1),(829,805,'000811.JPG',1),(830,806,'000812.JPG',1),(831,807,'000813.JPG',1),(832,807,'000814.JPG',2),(833,808,'000815.JPG',1),(834,809,'000816.JPG',1),(835,810,'000817.JPG',1),(836,798,'000818.JPG',4),(837,811,'000819.JPG',1),(838,812,'000820.JPG',1),(839,813,'000821.JPG',1),(840,814,'000822.JPG',1),(841,815,'000823.JPG',1),(843,817,'000825.JPG',2),(845,818,'000827.JPG',1),(847,819,'000829.JPG',1),(848,820,'000830.JPG',1),(849,820,'000831.JPG',2),(850,819,'000832.JPG',2),(851,817,'000833.JPG',1),(852,821,'000834.JPG',1),(853,822,'000835.JPG',1),(854,823,'000836.JPG',1),(855,824,'000837.JPG',1),(856,825,'000838.JPG',1),(857,826,'000839.JPG',1),(858,827,'000840.JPG',1),(860,828,'000842.JPG',1),(861,829,'000843.JPG',1),(862,830,'000844.JPG',1),(863,830,'000845.JPG',2),(864,831,'000846.JPG',1),(865,831,'000847.JPG',2),(866,832,'000848.JPG',1),(867,833,'000849.JPG',1),(868,834,'000850.JPG',1),(869,835,'000851.JPG',1),(870,836,'000852.JPG',1),(871,837,'000853.JPG',1),(872,838,'000854.JPG',1),(873,839,'000855.JPG',1),(874,839,'000856.JPG',2),(875,840,'000857.JPG',1),(876,840,'000858.JPG',2),(877,841,'000859.JPG',1),(878,841,'000860.JPG',2),(879,842,'000861.JPG',1),(880,842,'000862.JPG',2),(881,843,'000863.JPG',1),(882,844,'000864.JPG',1),(883,844,'000865.JPG',2),(884,845,'000866.JPG',1),(885,845,'000867.JPG',2),(886,846,'000868.JPG',1),(887,553,'000553.JPG',1),(888,847,'000869.JPG',1),(889,848,'000870.JPG',1),(890,849,'000871.JPG',1),(891,850,'000872.JPG',1),(892,851,'000873.JPG',1),(893,18,'000874.JPG',1),(895,852,'000876.JPG',1),(897,853,'000878.JPG',1),(898,854,'000879.JPG',1),(899,855,'000880.JPG',1),(900,856,'000881.JPG',1),(901,857,'000882.JPG',1),(902,858,'000883.JPG',1),(903,859,'000884.JPG',1),(904,860,'000885.JPG',1),(905,861,'000886.JPG',1),(906,862,'000887.JPG',1),(907,863,'000888.JPG',1),(908,864,'000889.JPG',1),(909,865,'000890.JPG',1),(910,866,'000891.JPG',1),(911,867,'000892.JPG',1),(912,868,'000893.JPG',1),(913,869,'000894.JPG',1),(914,870,'000895.JPG',1),(915,871,'000896.JPG',1),(916,872,'000897.JPG',1),(917,873,'000898.JPG',1),(918,874,'000899.JPG',1),(919,875,'000900.JPG',1),(920,876,'000901.JPG',1),(921,877,'000902.JPG',1),(922,878,'000903.JPG',1),(923,879,'000904.JPG',1),(924,880,'000905.JPG',1),(925,881,'000906.JPG',1),(926,882,'000907.JPG',1),(927,883,'000908.JPG',1),(928,884,'000909.JPG',1),(929,885,'000910.JPG',1),(930,886,'000911.JPG',1),(931,887,'000912.JPG',1),(932,888,'000913.JPG',1),(933,889,'000914.JPG',1),(934,890,'000915.JPG',1),(935,891,'000916.JPG',1),(936,892,'000917.JPG',1),(937,893,'000918.JPG',1),(938,894,'000919.JPG',1),(939,894,'000920.JPG',2),(940,895,'000921.JPG',1),(941,895,'000922.JPG',2),(942,397,'000923.JPG',1),(943,896,'000924.JPG',1),(944,114,'000925.JPG',1),(945,897,'000926.JPG',1),(946,898,'000927.JPG',1),(947,899,'000928.JPG',1),(949,901,'000930.JPG',1),(950,902,'000931.JPG',1),(951,903,'000932.JPG',1),(952,904,'000933.JPG',1),(953,905,'000934.JPG',1),(954,906,'000935.JPG',1),(955,907,'000936.JPG',1),(956,908,'000937.JPG',1),(957,909,'000938.JPG',1),(958,910,'000939.JPG',1),(959,911,'000940.JPG',1),(960,912,'000941.JPG',1),(961,913,'000942.JPG',1),(962,914,'000943.JPG',1),(963,915,'000944.JPG',1),(964,916,'000945.JPG',1),(965,917,'000946.JPG',1),(966,918,'000947.JPG',1),(967,919,'000948.JPG',1),(968,920,'000949.JPG',1),(969,921,'000950.JPG',1),(970,922,'000951.JPG',1),(971,923,'000952.JPG',1),(972,924,'000953.JPG',1),(973,925,'000954.JPG',1),(974,926,'000955.JPG',1),(975,927,'000956.JPG',1),(976,928,'000957.JPG',1),(977,929,'000958.JPG',1),(978,930,'000959.JPG',1),(979,931,'000960.JPG',1),(980,932,'000961.JPG',1),(981,933,'000962.JPG',1),(982,934,'000963.JPG',1),(983,982,'000964.JPG',1),(985,21,'000966.JPG',2),(986,994,'000967.JPG',2),(987,995,'000968.JPG',1),(988,996,'000969.JPG',1),(989,17,'000970.JPG',2),(990,9,'000971.JPG',2),(991,28,'000972.JPG',2),(992,27,'000973.JPG',2),(993,27,'000974.JPG',3),(994,26,'000975.JPG',2),(995,25,'000976.JPG',2),(996,33,'000977.JPG',2),(997,36,'000978.JPG',2),(998,991,'000979.JPG',1),(1000,1026,'000981.JPG',1),(1001,1027,'000982.JPG',1),(1002,41,'000983.JPG',2),(1003,40,'000984.JPG',2),(1004,39,'000985.JPG',2),(1005,42,'000986.JPG',2),(1006,38,'000987.JPG',2),(1007,899,'000988.JPG',2),(1009,898,'000990.JPG',2),(1010,99,'000991.JPG',2),(1011,88,'000992.JPG',2),(1012,90,'000993.JPG',2),(1013,87,'000994.JPG',2),(1014,91,'000995.JPG',2),(1015,94,'000996.JPG',2),(1016,95,'000997.JPG',2),(1017,96,'000998.JPG',2),(1018,98,'000999.JPG',2),(1020,888,'001001.JPG',3),(1021,888,'001002.JPG',4),(1022,57,'001003.JPG',1),(1023,57,'001004.JPG',2),(1024,1034,'001005.JPG',1),(1025,1034,'001006.JPG',2),(1026,1034,'001007.JPG',3),(1027,59,'001008.JPG',2),(1028,1034,'001009.JPG',4),(1029,60,'001010.JPG',3),(1030,60,'001011.JPG',1),(1031,1035,'001012.JPG',1),(1032,64,'001013.JPG',2),(1033,62,'001014.JPG',2),(1034,75,'001015.JPG',2),(1035,72,'001016.JPG',2),(1036,73,'001017.JPG',2),(1037,959,'001018.JPG',1),(1038,961,'001019.JPG',1),(1039,960,'001020.JPG',1),(1040,958,'001021.JPG',1),(1041,812,'001022.JPG',2),(1042,818,'001023.JPG',2),(1043,835,'001024.JPG',2),(1044,846,'001025.JPG',2),(1045,838,'001026.JPG',2),(1046,837,'001027.JPG',2),(1047,876,'001028.JPG',2),(1048,398,'001029.JPG',2),(1049,428,'001030.JPG',3),(1050,1038,'001031.JPG',1),(1051,1039,'001032.JPG',1),(1052,1040,'001033.JPG',1),(1053,1041,'001034.JPG',1),(1054,1042,'001035.JPG',1),(1055,1043,'001036.JPG',1),(1056,1044,'001037.JPG',1),(1057,1045,'001038.JPG',1),(1058,1046,'001039.JPG',1),(1059,982,'001040.JPG',2),(1060,935,'001041.JPG',1),(1061,33,'001042.JPG',3),(1062,936,'001043.JPG',1),(1063,936,'001044.JPG',2),(1064,936,'001045.JPG',3),(1065,1036,'001046.JPG',1),(1066,1037,'001047.JPG',1),(1068,948,'001049.JPG',2),(1069,947,'001050.JPG',1),(1070,947,'001051.JPG',2),(1071,949,'001052.JPG',1),(1072,949,'001053.JPG',2),(1073,949,'001054.JPG',3),(1074,946,'001055.JPG',1),(1075,946,'001056.JPG',2),(1076,952,'001057.JPG',1),(1077,953,'001058.JPG',1),(1078,950,'001059.JPG',1),(1079,954,'001060.JPG',1),(1080,955,'001061.JPG',1),(1081,956,'001062.JPG',1),(1082,1047,'001063.JPG',1),(1083,957,'001064.JPG',1),(1084,957,'001065.JPG',2),(1085,957,'001066.JPG',3),(1086,951,'001067.JPG',3),(1087,951,'001068.JPG',2),(1088,951,'001069.JPG',1),(1089,1048,'001070.JPG',1),(1090,1048,'001071.JPG',2),(1091,1048,'001072.JPG',3),(1095,1050,'001074.JPG',1),(1096,1050,'001075.JPG',2),(1097,1050,'001076.JPG',3),(1098,1051,'001077.JPG',1),(1099,1051,'001078.JPG',2),(1100,1051,'001079.JPG',3),(1101,1049,'001080.JPG',1),(1102,1049,'001081.JPG',2),(1103,1049,'001082.JPG',3),(1105,1052,'001084.JPG',2),(1106,1052,'001085.JPG',3),(1107,1052,'001086.JPG',1),(1108,1033,'001087.JPG',1),(1109,1000,'001088.JPG',1),(1110,946,'001089.JPG',3),(1111,948,'001090.JPG',1),(1112,937,'001091.JPG',1),(1113,937,'001092.JPG',2),(1114,937,'001093.JPG',3),(1115,938,'001094.JPG',1),(1116,938,'001095.JPG',2),(1117,938,'001096.JPG',3),(1118,939,'001097.JPG',1),(1119,939,'001098.JPG',2),(1120,939,'001099.JPG',3),(1121,939,'001100.JPG',4),(1122,940,'001101.JPG',1),(1123,940,'001102.JPG',2),(1124,940,'001103.JPG',3),(1125,940,'001104.JPG',4),(1126,941,'001105.JPG',1),(1127,941,'001106.JPG',2),(1128,941,'001107.JPG',3),(1129,942,'001108.JPG',1),(1130,942,'001109.JPG',2),(1131,942,'001110.JPG',3),(1132,943,'001111.JPG',1),(1133,943,'001112.JPG',2),(1134,943,'001113.JPG',3),(1135,944,'001114.JPG',1),(1136,944,'001115.JPG',2),(1137,944,'001116.JPG',3),(1138,945,'001117.JPG',1),(1139,945,'001118.JPG',2),(1140,945,'001119.JPG',3),(1141,999,'001120.JPG',1),(1142,997,'001121.JPG',1),(1143,997,'001122.JPG',2),(1144,798,'001123.JPG',2),(1145,1003,'001124.JPG',4),(1146,1003,'001125.JPG',1),(1147,1003,'001126.JPG',2),(1151,1003,'001130.JPG',3),(1152,1003,'001131.JPG',5),(1153,935,'001132.JPG',2),(1154,935,'001133.JPG',3),(1155,962,'001134.JPG',1),(1156,962,'001135.JPG',2),(1157,962,'001136.JPG',3),(1158,963,'001137.JPG',1),(1159,963,'001138.JPG',2),(1160,963,'001139.JPG',3),(1161,966,'001140.JPG',1),(1162,966,'001141.JPG',2),(1163,966,'001142.JPG',3),(1164,1053,'001143.JPG',1),(1165,1053,'001144.JPG',2),(1166,30,'001145.JPG',2),(1167,979,'001146.JPG',1),(1168,979,'001147.JPG',2),(1169,978,'001148.JPG',1),(1170,978,'001149.JPG',2),(1171,977,'001150.JPG',1),(1172,977,'001151.JPG',2),(1173,3,'001152.JPG',2),(1174,964,'001153.JPG',1),(1175,964,'001154.JPG',2),(1176,965,'001155.JPG',2),(1177,965,'001156.JPG',1),(1178,981,'001157.JPG',1),(1179,981,'001158.JPG',2),(1180,981,'001159.JPG',3),(1181,980,'001160.JPG',1),(1182,980,'001161.JPG',2),(1183,980,'001162.JPG',3),(1184,958,'001163.JPG',2),(1185,1061,'001164.JPG',1),(1186,1061,'001165.JPG',2),(1187,1061,'001166.JPG',3),(1188,1061,'001167.JPG',4),(1189,1061,'001168.JPG',5),(1190,1061,'001169.JPG',6),(1191,1062,'001170.JPG',1),(1192,1062,'001171.JPG',2),(1193,1062,'001172.JPG',3),(1194,1062,'001173.JPG',4),(1195,1063,'001174.JPG',1),(1196,1063,'001175.JPG',2),(1197,1063,'001176.JPG',3),(1198,1063,'001177.JPG',4),(1199,1063,'001178.JPG',5),(1200,1064,'001179.JPG',1),(1201,1064,'001180.JPG',2),(1203,1053,'001181.JPG',3),(1205,800,'001183.JPG',2),(1206,790,'001184.JPG',2),(1207,800,'001185.JPG',3),(1208,885,'001186.JPG',2),(1209,887,'001187.JPG',2),(1210,888,'001188.JPG',5),(1211,1065,'001189.JPG',1),(1212,1065,'001190.JPG',2),(1213,1066,'001191.JPG',1),(1214,1067,'001192.JPG',1),(1215,1160,'001193.JPG',3),(1216,1160,'001194.JPG',2),(1217,1160,'001195.JPG',1),(1218,428,'001196.JPG',2),(1221,1159,'001199.JPG',1),(1222,1159,'001200.JPG',2),(1223,1158,'001201.JPG',1),(1224,1158,'001202.JPG',2),(1225,1156,'001203.JPG',1),(1226,1156,'001204.JPG',2),(1228,1107,'001206.JPG',2),(1229,1107,'001207.JPG',1),(1230,281,'001208.JPG',2),(1231,1161,'001209.JPG',1),(1232,1161,'001210.JPG',2),(1233,1163,'001211.JPG',1),(1234,1163,'001212.JPG',2),(1235,1164,'001213.JPG',1),(1236,1164,'001214.JPG',2),(1237,1165,'001215.JPG',2),(1238,1165,'001216.JPG',1),(1239,1018,'001217.JPG',1),(1240,1018,'001218.JPG',2),(1241,1166,'001219.JPG',1),(1242,1166,'001220.JPG',2),(1243,1167,'001221.JPG',1),(1244,1167,'001222.JPG',2),(1245,1168,'001223.JPG',1),(1246,1168,'001224.JPG',2),(1247,1169,'001225.JPG',1),(1248,1169,'001226.JPG',2),(1249,1170,'001227.JPG',2),(1250,1170,'001228.JPG',1),(1251,843,'001229.JPG',2),(1252,835,'001230.JPG',3),(1253,842,'001231.JPG',3),(1254,844,'001232.JPG',3),(1255,28,'001233.JPG',3),(1256,994,'001234.JPG',1),(1257,1171,'001235.JPG',1),(1258,1172,'001236.JPG',1),(1259,66,'001237.JPG',2),(1260,74,'001238.JPG',2),(1261,1173,'001239.JPG',2),(1262,1173,'001240.JPG',1),(1263,1174,'001241.JPG',1),(1265,1175,'001242.JPG',1),(1266,1176,'001243.JPG',1),(1267,1177,'001244.JPG',1),(1268,1178,'001245.JPG',1),(1269,888,'001246.JPG',2),(1270,885,'001247.JPG',3),(1271,1179,'001248.JPG',1),(1272,1180,'001249.JPG',1),(1274,1183,'001251.JPG',1),(1275,1183,'001252.JPG',2),(1276,1183,'001253.JPG',3),(1277,1183,'001254.JPG',4),(1278,1183,'001255.JPG',5),(1279,1183,'001256.JPG',6),(1280,1183,'001257.JPG',7),(1281,1183,'001258.JPG',8),(1282,801,'001259.JPG',2),(1283,816,'001260.JPG',1),(1284,900,'001261.JPG',1),(1285,900,'001262.JPG',2),(1286,901,'001263.JPG',3),(1287,901,'001264.JPG',2),(1288,1184,'001265.JPG',1),(1289,1184,'001266.JPG',2),(1291,1010,'001268.JPG',1),(1292,1185,'001269.JPG',1);
/*!40000 ALTER TABLE `objets_images` ENABLE KEYS */;
UNLOCK TABLES;

--
-- Table structure for table `objets_persos`
--

DROP TABLE IF EXISTS `objets_persos`;
/*!40101 SET @saved_cs_client     = @@character_set_client */;
/*!40101 SET character_set_client = utf8 */;
CREATE TABLE `objets_persos` (
  `objid` int(11) NOT NULL,
  `persid` int(11) NOT NULL,
  PRIMARY KEY (`objid`,`persid`),
  KEY `fk_perso_id_idx` (`persid`),
  CONSTRAINT `fk_assofigid` FOREIGN KEY (`objid`) REFERENCES `objets` (`objid`) ON DELETE NO ACTION ON UPDATE NO ACTION,
  CONSTRAINT `fk_assopersid` FOREIGN KEY (`persid`) REFERENCES `personnages` (`persid`) ON DELETE NO ACTION ON UPDATE NO ACTION
) ENGINE=InnoDB DEFAULT CHARSET=utf8;
/*!40101 SET character_set_client = @saved_cs_client */;

--
-- Dumping data for table `objets_persos`
--

LOCK TABLES `objets_persos` WRITE;
/*!40000 ALTER TABLE `objets_persos` DISABLE KEYS */;
INSERT INTO `objets_persos` VALUES (3,6),(4,6),(5,7),(6,12),(8,33),(9,34),(12,12),(14,33),(15,34),(16,6),(17,7),(18,12),(19,21),(21,34),(25,21),(26,21),(27,21),(28,33),(30,33),(31,6),(32,7),(33,12),(34,21),(35,33),(36,34),(38,3),(39,6),(39,7),(40,12),(41,13),(42,29),(43,33),(46,21),(47,33),(48,33),(49,33),(50,33),(57,12),(58,21),(59,33),(60,34),(61,33),(62,6),(63,7),(64,12),(65,21),(66,33),(67,33),(69,33),(71,33),(72,33),(73,33),(74,33),(75,34),(76,43),(78,6),(79,7),(80,12),(82,33),(83,34),(85,38),(86,38),(87,3),(88,6),(89,11),(90,12),(91,21),(92,24),(93,25),(94,28),(95,28),(96,30),(97,33),(98,34),(99,3),(100,3),(101,7),(102,6),(103,10),(104,11),(105,12),(109,22),(110,24),(113,30),(114,33),(115,34),(116,3),(117,6),(119,10),(120,11),(121,12),(122,19),(123,20),(125,22),(127,25),(129,30),(130,33),(132,3),(133,7),(134,6),(136,11),(137,12),(138,19),(139,20),(141,22),(144,28),(145,30),(146,33),(147,34),(151,10),(156,21),(157,22),(161,30),(163,34),(165,7),(166,6),(167,10),(168,11),(169,12),(171,20),(172,21),(173,22),(174,24),(175,25),(177,30),(179,34),(181,7),(182,6),(185,12),(186,19),(187,20),(189,22),(192,28),(193,30),(194,34),(216,7),(217,6),(218,12),(219,21),(220,33),(221,34),(222,21),(223,6),(224,21),(225,33),(226,9),(227,12),(228,21),(229,33),(233,6),(257,3),(258,7),(259,6),(260,9),(261,12),(262,21),(263,33),(264,34),(266,33),(267,8),(268,33),(269,12),(270,21),(271,21),(272,33),(273,4),(274,12),(277,4),(278,12),(281,7),(282,9),(283,33),(284,44),(285,34),(286,9),(287,33),(316,9),(345,21),(346,5),(347,6),(348,23),(349,5),(350,7),(351,33),(352,34),(400,2),(401,6),(402,7),(403,12),(404,13),(405,21),(406,29),(407,31),(408,33),(409,3),(410,6),(411,7),(412,8),(413,9),(414,12),(415,21),(416,23),(417,33),(418,33),(419,34),(423,6),(424,7),(425,12),(426,21),(427,33),(428,34),(435,2),(441,15),(445,23),(452,35),(456,3),(458,6),(462,16),(474,1),(475,2),(476,3),(477,5),(479,7),(480,12),(482,16),(486,26),(487,27),(488,29),(489,30),(490,33),(491,34),(493,36),(494,1),(495,2),(499,7),(500,12),(502,16),(504,21),(506,26),(512,35),(523,18),(525,23),(527,27),(529,30),(539,7),(542,16),(546,26),(554,1),(556,3),(559,7),(560,12),(561,15),(562,16),(563,18),(565,23),(567,27),(568,29),(571,34),(582,21),(582,33),(588,33),(589,12),(602,12),(606,12),(614,21),(638,12),(639,7),(640,6),(672,21),(672,33),(673,21),(673,33),(674,18),(675,21),(675,33),(676,21),(676,33),(677,21),(677,33),(678,21),(678,33),(679,33),(680,21),(680,33),(681,33),(682,12),(683,34),(684,6),(685,3),(686,21),(687,33),(688,32),(689,30),(690,39),(691,66),(692,46),(693,12),(694,47),(695,7),(696,26),(697,34),(698,23),(699,21),(700,48),(701,2),(702,33),(703,49),(704,12),(705,50),(706,51),(707,52),(708,34),(709,53),(710,33),(711,23),(712,21),(713,37),(714,12),(715,54),(716,7),(717,17),(718,55),(719,33),(720,21),(721,56),(722,39),(723,57),(724,13),(725,30),(726,58),(727,59),(728,3),(729,33),(730,35),(731,21),(732,60),(733,36),(734,61),(735,7),(736,39),(737,34),(738,62),(739,7),(740,31),(741,21),(742,63),(743,64),(744,46),(745,33),(746,65),(747,66),(748,6),(749,12),(750,1),(751,21),(752,67),(753,68),(754,29),(755,45),(756,69),(757,33),(758,70),(759,71),(760,72),(761,73),(762,18),(763,74),(764,75),(765,76),(766,77),(767,78),(768,93),(769,79),(770,80),(771,81),(772,94),(773,82),(774,83),(775,33),(776,95),(777,84),(778,85),(779,86),(780,87),(781,12),(782,88),(783,89),(784,90),(785,91),(786,92),(787,96),(789,97),(790,33),(791,12),(792,34),(794,7),(795,6),(796,9),(797,12),(798,21),(799,6),(800,21),(802,33),(805,33),(806,21),(807,34),(808,33),(809,6),(810,7),(811,33),(812,21),(813,6),(814,12),(816,41),(817,12),(817,21),(817,33),(818,21),(818,33),(818,98),(819,21),(819,33),(820,12),(820,21),(820,33),(820,37),(821,9),(822,33),(823,34),(824,33),(825,29),(826,33),(827,13),(828,33),(829,21),(830,21),(830,33),(831,21),(831,33),(832,21),(832,33),(833,21),(833,33),(834,21),(834,33),(835,21),(835,33),(836,21),(836,33),(837,21),(837,33),(838,21),(838,33),(839,21),(839,33),(840,21),(840,33),(841,33),(842,21),(842,33),(843,21),(844,21),(844,33),(845,21),(845,33),(846,21),(846,33),(847,6),(848,12),(849,34),(850,33),(851,21),(852,33),(852,34),(853,21),(853,33),(856,33),(857,3),(858,34),(859,23),(860,21),(861,6),(862,34),(863,21),(864,33),(865,29),(866,13),(867,33),(868,33),(869,6),(870,6),(871,33),(872,33),(873,7),(874,7),(875,21),(876,21),(877,21),(878,33),(879,33),(880,21),(881,21),(881,33),(882,33),(883,21),(884,3),(885,21),(885,33),(886,34),(887,12),(888,6),(889,41),(890,41),(891,14),(892,33),(893,12),(894,41),(895,41),(896,21),(897,21),(897,33),(898,6),(899,12),(900,34),(901,33),(902,1),(903,2),(904,3),(905,5),(906,6),(907,7),(908,12),(909,16),(910,18),(911,21),(912,23),(913,26),(914,27),(915,29),(916,30),(917,33),(918,34),(919,35),(920,36),(921,12),(922,23),(923,26),(924,35),(925,3),(926,12),(927,29),(928,30),(929,35),(930,36),(931,2),(932,16),(933,18),(934,34),(935,41),(940,41),(941,41),(945,41),(946,33),(947,12),(948,12),(949,21),(949,33),(950,3),(951,41),(952,6),(952,7),(953,12),(954,32),(955,33),(956,34),(957,41),(958,13),(959,7),(960,12),(961,33),(962,41),(963,41),(964,3),(965,7),(966,41),(967,33),(968,3),(969,6),(970,7),(971,12),(972,15),(973,21),(974,23),(975,33),(976,33),(977,8),(978,9),(979,12),(980,21),(981,34),(982,21),(982,33),(983,7),(984,12),(985,33),(986,6),(987,7),(988,12),(989,34),(990,6),(991,7),(992,21),(993,33),(994,34),(995,41),(996,41),(997,21),(998,21),(999,21),(1000,33),(1001,33),(1002,7),(1003,41),(1004,21),(1004,33),(1005,12),(1006,7),(1007,6),(1008,9),(1009,33),(1010,12),(1011,33),(1012,12),(1013,12),(1014,12),(1015,33),(1016,33),(1017,3),(1018,6),(1019,7),(1020,21),(1021,23),(1022,33),(1023,33),(1024,34),(1025,33),(1026,12),(1027,34),(1028,33),(1029,6),(1030,7),(1031,12),(1032,34),(1033,21),(1034,6),(1035,41),(1036,24),(1037,24),(1038,33),(1039,7),(1040,13),(1041,12),(1042,33),(1043,6),(1043,7),(1044,21),(1045,12),(1046,6),(1046,7),(1046,12),(1046,21),(1046,33),(1047,3),(1047,6),(1047,7),(1047,12),(1047,32),(1047,33),(1047,34),(1048,12),(1049,34),(1050,6),(1051,7),(1052,21),(1052,33),(1053,41),(1054,10),(1055,7),(1056,19),(1057,20),(1058,25),(1059,28),(1060,21),(1061,21),(1061,33),(1062,21),(1062,33),(1063,29),(1064,41),(1065,33),(1066,21),(1067,41),(1068,3),(1069,1),(1070,7),(1071,12),(1072,16),(1073,18),(1074,27),(1075,29),(1076,34),(1077,26),(1078,36),(1079,21),(1080,5),(1081,30),(1082,6),(1083,33),(1084,33),(1085,7),(1086,12),(1087,1),(1088,15),(1089,18),(1090,23),(1091,27),(1092,29),(1093,34),(1094,26),(1095,36),(1096,30),(1097,2),(1098,21),(1099,35),(1100,5),(1101,6),(1102,15),(1103,18),(1104,21),(1105,23),(1106,35),(1107,5),(1108,6),(1109,15),(1110,3),(1111,18),(1112,23),(1113,27),(1114,29),(1115,30),(1116,33),(1117,34),(1118,36),(1119,1),(1120,2),(1121,5),(1122,6),(1123,7),(1124,12),(1125,15),(1126,3),(1127,16),(1128,21),(1129,26),(1130,29),(1131,33),(1132,34),(1133,35),(1134,36),(1135,1),(1136,2),(1137,5),(1138,6),(1139,12),(1140,15),(1141,3),(1142,18),(1143,21),(1144,23),(1145,27),(1146,29),(1147,30),(1148,33),(1149,34),(1150,35),(1151,2),(1152,5),(1153,6),(1154,21),(1155,26),(1156,30),(1157,33),(1158,35),(1159,36),(1160,41),(1161,99),(1163,33),(1164,12),(1165,41),(1166,21),(1166,33),(1167,33),(1168,33),(1169,21),(1170,12),(1171,7),(1172,33),(1173,33),(1174,34),(1175,21),(1176,6),(1177,12),(1178,6),(1178,12),(1178,21),(1178,33),(1178,34),(1179,6),(1179,12),(1179,21),(1179,33),(1179,34),(1180,41),(1181,12),(1182,7),(1183,12),(1183,21),(1183,33),(1184,15),(1185,12);
/*!40000 ALTER TABLE `objets_persos` ENABLE KEYS */;
UNLOCK TABLES;

--
-- Table structure for table `owned`
--

DROP TABLE IF EXISTS `owned`;
/*!40101 SET @saved_cs_client     = @@character_set_client */;
/*!40101 SET character_set_client = utf8 */;
CREATE TABLE `owned` (
  `objid` int(11) NOT NULL,
  `mbid` int(11) NOT NULL,
  PRIMARY KEY (`objid`,`mbid`),
  KEY `fk_owned_membres1_idx` (`mbid`),
  CONSTRAINT `fk_owned_membres` FOREIGN KEY (`mbid`) REFERENCES `membres` (`mbid`) ON DELETE NO ACTION ON UPDATE NO ACTION,
  CONSTRAINT `fk_owned_objet` FOREIGN KEY (`objid`) REFERENCES `objets` (`objid`) ON DELETE NO ACTION ON UPDATE NO ACTION
) ENGINE=InnoDB DEFAULT CHARSET=utf8;
/*!40101 SET character_set_client = @saved_cs_client */;

--
-- Dumping data for table `owned`
--

LOCK TABLES `owned` WRITE;
/*!40000 ALTER TABLE `owned` DISABLE KEYS */;
/*!40000 ALTER TABLE `owned` ENABLE KEYS */;
UNLOCK TABLES;

--
-- Table structure for table `pays`
--

DROP TABLE IF EXISTS `pays`;
/*!40101 SET @saved_cs_client     = @@character_set_client */;
/*!40101 SET character_set_client = utf8 */;
CREATE TABLE `pays` (
  `paysid` int(11) NOT NULL,
  `code` int(11) NOT NULL,
  `alpha2` varchar(2) NOT NULL,
  `alpha3` varchar(3) NOT NULL,
  `nom_fr` varchar(45) NOT NULL,
  `nom_en` varchar(45) NOT NULL,
  PRIMARY KEY (`paysid`)
) ENGINE=InnoDB DEFAULT CHARSET=utf8;
/*!40101 SET character_set_client = @saved_cs_client */;

--
-- Dumping data for table `pays`
--

LOCK TABLES `pays` WRITE;
/*!40000 ALTER TABLE `pays` DISABLE KEYS */;
INSERT INTO `pays` VALUES (0,0,'-','-','-','-'),(1,4,'AF','AFG','Afghanistan','Afghanistan'),(2,8,'AL','ALB','Albanie','Albania'),(3,10,'AQ','ATA','Antarctique','Antarctica'),(4,12,'DZ','DZA','Algérie','Algeria'),(5,16,'AS','ASM','Samoa Américaines','American Samoa'),(6,20,'AD','AND','Andorre','Andorra'),(7,24,'AO','AGO','Angola','Angola'),(8,28,'AG','ATG','Antigua-et-Barbuda','Antigua and Barbuda'),(9,31,'AZ','AZE','Azerbaïdjan','Azerbaijan'),(10,32,'AR','ARG','Argentine','Argentina'),(11,36,'AU','AUS','Australie','Australia'),(12,40,'AT','AUT','Autriche','Austria'),(13,44,'BS','BHS','Bahamas','Bahamas'),(14,48,'BH','BHR','Bahreïn','Bahrain'),(15,50,'BD','BGD','Bangladesh','Bangladesh'),(16,51,'AM','ARM','Arménie','Armenia'),(17,52,'BB','BRB','Barbade','Barbados'),(18,56,'BE','BEL','Belgique','Belgium'),(19,60,'BM','BMU','Bermudes','Bermuda'),(20,64,'BT','BTN','Bhoutan','Bhutan'),(21,68,'BO','BOL','Bolivie','Bolivia'),(22,70,'BA','BIH','Bosnie-Herzégovine','Bosnia and Herzegovina'),(23,72,'BW','BWA','Botswana','Botswana'),(24,74,'BV','BVT','Île Bouvet','Bouvet Island'),(25,76,'BR','BRA','Brésil','Brazil'),(26,84,'BZ','BLZ','Belize','Belize'),(27,86,'IO','IOT','Territoire Britannique de l\'Océan Indien','British Indian Ocean Territory'),(28,90,'SB','SLB','Îles Salomon','Solomon Islands'),(29,92,'VG','VGB','Îles Vierges Britanniques','British Virgin Islands'),(30,96,'BN','BRN','Brunéi Darussalam','Brunei Darussalam'),(31,100,'BG','BGR','Bulgarie','Bulgaria'),(32,104,'MM','MMR','Myanmar','Myanmar'),(33,108,'BI','BDI','Burundi','Burundi'),(34,112,'BY','BLR','Bélarus','Belarus'),(35,116,'KH','KHM','Cambodge','Cambodia'),(36,120,'CM','CMR','Cameroun','Cameroon'),(37,124,'CA','CAN','Canada','Canada'),(38,132,'CV','CPV','Cap-vert','Cape Verde'),(39,136,'KY','CYM','Îles Caïmanes','Cayman Islands'),(40,140,'CF','CAF','République Centrafricaine','Central African'),(41,144,'LK','LKA','Sri Lanka','Sri Lanka'),(42,148,'TD','TCD','Tchad','Chad'),(43,152,'CL','CHL','Chili','Chile'),(44,156,'CN','CHN','Chine','China'),(45,158,'TW','TWN','Taïwan','Taiwan'),(46,162,'CX','CXR','Île Christmas','Christmas Island'),(47,166,'CC','CCK','Îles Cocos (Keeling)','Cocos (Keeling) Islands'),(48,170,'CO','COL','Colombie','Colombia'),(49,174,'KM','COM','Comores','Comoros'),(50,175,'YT','MYT','Mayotte','Mayotte'),(51,178,'CG','COG','République du Congo','Republic of the Congo'),(52,180,'CD','COD','République Démocratique du Congo','The Democratic Republic Of The Congo'),(53,184,'CK','COK','Îles Cook','Cook Islands'),(54,188,'CR','CRI','Costa Rica','Costa Rica'),(55,191,'HR','HRV','Croatie','Croatia'),(56,192,'CU','CUB','Cuba','Cuba'),(57,196,'CY','CYP','Chypre','Cyprus'),(58,203,'CZ','CZE','République Tchèque','Czech Republic'),(59,204,'BJ','BEN','Bénin','Benin'),(60,208,'DK','DNK','Danemark','Denmark'),(61,212,'DM','DMA','Dominique','Dominica'),(62,214,'DO','DOM','République Dominicaine','Dominican Republic'),(63,218,'EC','ECU','Équateur','Ecuador'),(64,222,'SV','SLV','El Salvador','El Salvador'),(65,226,'GQ','GNQ','Guinée Équatoriale','Equatorial Guinea'),(66,231,'ET','ETH','Éthiopie','Ethiopia'),(67,232,'ER','ERI','Érythrée','Eritrea'),(68,233,'EE','EST','Estonie','Estonia'),(69,234,'FO','FRO','Îles Féroé','Faroe Islands'),(70,238,'FK','FLK','Îles (malvinas) Falkland','Falkland Islands'),(71,239,'GS','SGS','Géorgie du Sud et les Îles Sandwich du Sud','South Georgia and the South Sandwich Islands'),(72,242,'FJ','FJI','Fidji','Fiji'),(73,246,'FI','FIN','Finlande','Finland'),(74,248,'AX','ALA','Îles Åland','Åland Islands'),(75,250,'FR','FRA','France','France'),(76,254,'GF','GUF','Guyane Française','French Guiana'),(77,258,'PF','PYF','Polynésie Française','French Polynesia'),(78,260,'TF','ATF','Terres Australes Françaises','French Southern Territories'),(79,262,'DJ','DJI','Djibouti','Djibouti'),(80,266,'GA','GAB','Gabon','Gabon'),(81,268,'GE','GEO','Géorgie','Georgia'),(82,270,'GM','GMB','Gambie','Gambia'),(83,275,'PS','PSE','Territoire Palestinien Occupé','Occupied Palestinian Territory'),(84,276,'DE','DEU','Allemagne','Germany'),(85,288,'GH','GHA','Ghana','Ghana'),(86,292,'GI','GIB','Gibraltar','Gibraltar'),(87,296,'KI','KIR','Kiribati','Kiribati'),(88,300,'GR','GRC','Grèce','Greece'),(89,304,'GL','GRL','Groenland','Greenland'),(90,308,'GD','GRD','Grenade','Grenada'),(91,312,'GP','GLP','Guadeloupe','Guadeloupe'),(92,316,'GU','GUM','Guam','Guam'),(93,320,'GT','GTM','Guatemala','Guatemala'),(94,324,'GN','GIN','Guinée','Guinea'),(95,328,'GY','GUY','Guyana','Guyana'),(96,332,'HT','HTI','Haïti','Haiti'),(97,334,'HM','HMD','Îles Heard et Mcdonald','Heard Island and McDonald Islands'),(98,336,'VA','VAT','Saint-Siège (état de la Cité du Vatican)','Vatican City State'),(99,340,'HN','HND','Honduras','Honduras'),(100,344,'HK','HKG','Hong-Kong','Hong Kong'),(101,348,'HU','HUN','Hongrie','Hungary'),(102,352,'IS','ISL','Islande','Iceland'),(103,356,'IN','IND','Inde','India'),(104,360,'ID','IDN','Indonésie','Indonesia'),(105,364,'IR','IRN','République Islamique d\'Iran','Islamic Republic of Iran'),(106,368,'IQ','IRQ','Iraq','Iraq'),(107,372,'IE','IRL','Irlande','Ireland'),(108,376,'IL','ISR','Israël','Israel'),(109,380,'IT','ITA','Italie','Italy'),(110,384,'CI','CIV','Côte d\'Ivoire','Côte d\'Ivoire'),(111,388,'JM','JAM','Jamaïque','Jamaica'),(112,392,'JP','JPN','Japon','Japan'),(113,398,'KZ','KAZ','Kazakhstan','Kazakhstan'),(114,400,'JO','JOR','Jordanie','Jordan'),(115,404,'KE','KEN','Kenya','Kenya'),(116,408,'KP','PRK','République Populaire Démocratique de Corée','Democratic People\'s Republic of Korea'),(117,410,'KR','KOR','République de Corée','Republic of Korea'),(118,414,'KW','KWT','Koweït','Kuwait'),(119,417,'KG','KGZ','Kirghizistan','Kyrgyzstan'),(120,418,'LA','LAO','République Démocratique Populaire Lao','Lao People\'s Democratic Republic'),(121,422,'LB','LBN','Liban','Lebanon'),(122,426,'LS','LSO','Lesotho','Lesotho'),(123,428,'LV','LVA','Lettonie','Latvia'),(124,430,'LR','LBR','Libéria','Liberia'),(125,434,'LY','LBY','Jamahiriya Arabe Libyenne','Libyan Arab Jamahiriya'),(126,438,'LI','LIE','Liechtenstein','Liechtenstein'),(127,440,'LT','LTU','Lituanie','Lithuania'),(128,442,'LU','LUX','Luxembourg','Luxembourg'),(129,446,'MO','MAC','Macao','Macao'),(130,450,'MG','MDG','Madagascar','Madagascar'),(131,454,'MW','MWI','Malawi','Malawi'),(132,458,'MY','MYS','Malaisie','Malaysia'),(133,462,'MV','MDV','Maldives','Maldives'),(134,466,'ML','MLI','Mali','Mali'),(135,470,'MT','MLT','Malte','Malta'),(136,474,'MQ','MTQ','Martinique','Martinique'),(137,478,'MR','MRT','Mauritanie','Mauritania'),(138,480,'MU','MUS','Maurice','Mauritius'),(139,484,'MX','MEX','Mexique','Mexico'),(140,492,'MC','MCO','Monaco','Monaco'),(141,496,'MN','MNG','Mongolie','Mongolia'),(142,498,'MD','MDA','République de Moldova','Republic of Moldova'),(143,500,'MS','MSR','Montserrat','Montserrat'),(144,504,'MA','MAR','Maroc','Morocco'),(145,508,'MZ','MOZ','Mozambique','Mozambique'),(146,512,'OM','OMN','Oman','Oman'),(147,516,'NA','NAM','Namibie','Namibia'),(148,520,'NR','NRU','Nauru','Nauru'),(149,524,'NP','NPL','Népal','Nepal'),(150,528,'NL','NLD','Pays-Bas','Netherlands'),(151,530,'AN','ANT','Antilles Néerlandaises','Netherlands Antilles'),(152,533,'AW','ABW','Aruba','Aruba'),(153,540,'NC','NCL','Nouvelle-Calédonie','New Caledonia'),(154,548,'VU','VUT','Vanuatu','Vanuatu'),(155,554,'NZ','NZL','Nouvelle-Zélande','New Zealand'),(156,558,'NI','NIC','Nicaragua','Nicaragua'),(157,562,'NE','NER','Niger','Niger'),(158,566,'NG','NGA','Nigéria','Nigeria'),(159,570,'NU','NIU','Niué','Niue'),(160,574,'NF','NFK','Île Norfolk','Norfolk Island'),(161,578,'NO','NOR','Norvège','Norway'),(162,580,'MP','MNP','Îles Mariannes du Nord','Northern Mariana Islands'),(163,581,'UM','UMI','Îles Mineures Éloignées des États-Unis','United States Minor Outlying Islands'),(164,583,'FM','FSM','États Fédérés de Micronésie','Federated States of Micronesia'),(165,584,'MH','MHL','Îles Marshall','Marshall Islands'),(166,585,'PW','PLW','Palaos','Palau'),(167,586,'PK','PAK','Pakistan','Pakistan'),(168,591,'PA','PAN','Panama','Panama'),(169,598,'PG','PNG','Papouasie-Nouvelle-Guinée','Papua New Guinea'),(170,600,'PY','PRY','Paraguay','Paraguay'),(171,604,'PE','PER','Pérou','Peru'),(172,608,'PH','PHL','Philippines','Philippines'),(173,612,'PN','PCN','Pitcairn','Pitcairn'),(174,616,'PL','POL','Pologne','Poland'),(175,620,'PT','PRT','Portugal','Portugal'),(176,624,'GW','GNB','Guinée-Bissau','Guinea-Bissau'),(177,626,'TL','TLS','Timor-Leste','Timor-Leste'),(178,630,'PR','PRI','Porto Rico','Puerto Rico'),(179,634,'QA','QAT','Qatar','Qatar'),(180,638,'RE','REU','Réunion','Réunion'),(181,642,'RO','ROU','Roumanie','Romania'),(182,643,'RU','RUS','Fédération de Russie','Russian Federation'),(183,646,'RW','RWA','Rwanda','Rwanda'),(184,654,'SH','SHN','Sainte-Hélène','Saint Helena'),(185,659,'KN','KNA','Saint-Kitts-et-Nevis','Saint Kitts and Nevis'),(186,660,'AI','AIA','Anguilla','Anguilla'),(187,662,'LC','LCA','Sainte-Lucie','Saint Lucia'),(188,666,'PM','SPM','Saint-Pierre-et-Miquelon','Saint-Pierre and Miquelon'),(189,670,'VC','VCT','Saint-Vincent-et-les Grenadines','Saint Vincent and the Grenadines'),(190,674,'SM','SMR','Saint-Marin','San Marino'),(191,678,'ST','STP','Sao Tomé-et-Principe','Sao Tome and Principe'),(192,682,'SA','SAU','Arabie Saoudite','Saudi Arabia'),(193,686,'SN','SEN','Sénégal','Senegal'),(194,690,'SC','SYC','Seychelles','Seychelles'),(195,694,'SL','SLE','Sierra Leone','Sierra Leone'),(196,702,'SG','SGP','Singapour','Singapore'),(197,703,'SK','SVK','Slovaquie','Slovakia'),(198,704,'VN','VNM','Viet Nam','Vietnam'),(199,705,'SI','SVN','Slovénie','Slovenia'),(200,706,'SO','SOM','Somalie','Somalia'),(201,710,'ZA','ZAF','Afrique du Sud','South Africa'),(202,716,'ZW','ZWE','Zimbabwe','Zimbabwe'),(203,724,'ES','ESP','Espagne','Spain'),(204,732,'EH','ESH','Sahara Occidental','Western Sahara'),(205,736,'SD','SDN','Soudan','Sudan'),(206,740,'SR','SUR','Suriname','Suriname'),(207,744,'SJ','SJM','Svalbard etÎle Jan Mayen','Svalbard and Jan Mayen'),(208,748,'SZ','SWZ','Swaziland','Swaziland'),(209,752,'SE','SWE','Suède','Sweden'),(210,756,'CH','CHE','Suisse','Switzerland'),(211,760,'SY','SYR','République Arabe Syrienne','Syrian Arab Republic'),(212,762,'TJ','TJK','Tadjikistan','Tajikistan'),(213,764,'TH','THA','Thaïlande','Thailand'),(214,768,'TG','TGO','Togo','Togo'),(215,772,'TK','TKL','Tokelau','Tokelau'),(216,776,'TO','TON','Tonga','Tonga'),(217,780,'TT','TTO','Trinité-et-Tobago','Trinidad and Tobago'),(218,784,'AE','ARE','Émirats Arabes Unis','United Arab Emirates'),(219,788,'TN','TUN','Tunisie','Tunisia'),(220,792,'TR','TUR','Turquie','Turkey'),(221,795,'TM','TKM','Turkménistan','Turkmenistan'),(222,796,'TC','TCA','Îles Turks et Caïques','Turks and Caicos Islands'),(223,798,'TV','TUV','Tuvalu','Tuvalu'),(224,800,'UG','UGA','Ouganda','Uganda'),(225,804,'UA','UKR','Ukraine','Ukraine'),(226,807,'MK','MKD','L\'ex-République Yougoslave de Macédoine','The Former Yugoslav Republic of Macedonia'),(227,818,'EG','EGY','Égypte','Egypt'),(228,826,'GB','GBR','Royaume-Uni','United Kingdom'),(229,833,'IM','IMN','Île de Man','Isle of Man'),(230,834,'TZ','TZA','République-Unie de Tanzanie','United Republic Of Tanzania'),(231,840,'US','USA','États-Unis','United States'),(232,850,'VI','VIR','Îles Vierges des États-Unis','U.S. Virgin Islands'),(233,854,'BF','BFA','Burkina Faso','Burkina Faso'),(234,858,'UY','URY','Uruguay','Uruguay'),(235,860,'UZ','UZB','Ouzbékistan','Uzbekistan'),(236,862,'VE','VEN','Venezuela','Venezuela'),(237,876,'WF','WLF','Wallis et Futuna','Wallis and Futuna'),(238,882,'WS','WSM','Samoa','Samoa'),(239,887,'YE','YEM','Yémen','Yemen'),(240,891,'CS','SCG','Serbie-et-Monténégro','Serbia and Montenegro'),(241,894,'ZM','ZMB','Zambie','Zambia');
/*!40000 ALTER TABLE `pays` ENABLE KEYS */;
UNLOCK TABLES;

--
-- Table structure for table `personnages`
--

DROP TABLE IF EXISTS `personnages`;
/*!40101 SET @saved_cs_client     = @@character_set_client */;
/*!40101 SET character_set_client = utf8 */;
CREATE TABLE `personnages` (
  `persid` int(11) NOT NULL AUTO_INCREMENT,
  `persprenom` varchar(50) DEFAULT NULL,
  `persnom` varchar(50) DEFAULT NULL,
  `persalias` varchar(50) DEFAULT NULL,
  `perssexe` char(1) DEFAULT NULL,
  `persimg` varchar(256) DEFAULT NULL,
  `persdesc` text DEFAULT NULL,
  PRIMARY KEY (`persid`)
) ENGINE=InnoDB AUTO_INCREMENT=100 DEFAULT CHARSET=utf8;
/*!40101 SET character_set_client = @saved_cs_client */;

--
-- Dumping data for table `personnages`
--

LOCK TABLES `personnages` WRITE;
/*!40000 ALTER TABLE `personnages` DISABLE KEYS */;
INSERT INTO `personnages` VALUES (1,'Abdallah','Ben Kalish Ezab','Abdallah','M','ABDALLAH.JPG','Fils turbulent de son altesse Mohammed Ben Kalish Ezab, Roi du Khemed'),(2,'Allan','Thompson','Allan','M','ALLAN.JPG',''),(3,'Bianca','Castafiore','La Castafiore','F','',''),(4,'-','-','Le champignon','','',''),(5,'-','Finney','Docteur Finney','M','DOCTEUR FINNEY.JPG',''),(6,'','','Dupond','M','DUPOND.JPG','Moustache arrondie vers l’intérieur'),(7,'','','Dupont','M','DUPONT.JPG','Moustache recourbée vers l’extérieur'),(8,'-','-','Le fétiche Arumbaya','','',''),(9,'-','-','La fusée lunaire','','',''),(10,'','','Gros Méchant','M','',''),(11,'','','Gustav','M','',''),(12,'Archibald','Haddock','Capitaine Haddock','M','CAPITAINE HADDOCK.JPG',''),(13,'François','de Hadoque','Chevalier François de Hadoque','M','CHEVALIER FRANçOIS DE HADOQUE.JPG','Capitaine de la marine du roi, commandant du vaisseau La Licorne'),(14,'','','Hydravion','','',''),(15,'Mohammed','Ben Kalish Ezab','L\'Emir','M','',''),(16,'','','Le Colonel','M','',''),(17,'-','Sponsz','Le Colonel Sponsz','M','','chef de la police secrète'),(18,'-','Cipaçalouvishni','Le fakir Cipaçalouvishni','M','',''),(19,'-','Ralph','Lieutenant Ralph','M','LIEUTENANT RALPH.JPG','Lieutenant du sous-marin le grand Requin'),(20,'','','Marin Chauve','M','',''),(21,'','','Milou','','MILOU.JPG',''),(22,'','','Mme Vlek','F','',''),(23,'','','Nestor','M','',''),(24,'','','Niko','M','',''),(25,'','','Nouchka','F','',''),(26,'Oliveira','Da Figuera','Oliveira Da Figuera','M','',''),(27,'','','Philemon Siclone','M','',''),(28,'','','Plongeur','M','',''),(29,'Rackham','Le Rouge','Rackham le Rouge','M','','Pirate'),(30,'Roberto','Rastapopoulos','Rastapopoulos','M','',''),(31,'Ivan – Ivanovitch','Sakharine','Sakharine','M','','Collectionneur d’origine russe'),(32,'Tchang','Tchong-Jen','Tchang','M','',''),(33,'','','Tintin','M','',''),(34,'Tryphon','Tournesol','Tournesol','M','','Inventeur de génie, étourdi, sourd jusqu\'au ridicule, le professeur Tournesol apparaît pour la première fois en 1944 avec la publication du Trésor de Rackham le Rouge. Sa présence sera assurée, particulièrement parce que, à la fin du récit, son argent permet au capitaine Haddock de faire l\'acquisition de la demeure de ses ancêtres, le château de Moulinsart.'),(35,'Wang','Jen-Ghié','Wang','M','','chef de la société secrète des Fils du Dragon'),(36,'Zorrino','','Zorrino','M','','Jeune marchand d’oranges de Jauga'),(37,'Piotr','Szut','Szut','','','pilote, mercenaire'),(38,'-','-','Décor','','',''),(39,'','Alcazar','Général Alcazar','M','GéNéRAL ALCAZAR.JPG',''),(40,'','','Voiture','','',''),(41,'-','-','Aucun','','',''),(42,'-','-','Plusieurs','','',''),(43,'','','Coco','','COCO.JPG',''),(44,'','','Tharkey','','',''),(45,'Frank','Wolff','Wolff','','',''),(46,'','','Docteur Muller','','DOCTEUR MULLER.JPG',''),(47,'','','Mitsuhirato','','',''),(48,'','','Le roi Muskar','','',''),(49,'','','Ridgewell','','',''),(50,'','','Le Maharadjah de Rawhajpoutalah','','',''),(51,'','','Baxter','','BAXTER.JPG',''),(52,'','','L\'Inca','','',''),(53,'','','Foudre bénie','','FOUDRE BéNIE.JPG',''),(54,'','','Monsieur Boullu','','',''),(55,'','','Le Professeur Siclone','','',''),(56,'','','Taupe-au-Regard-Percant','','',''),(57,'','','Le Professeur Bergamotte','','',''),(58,'','','Le Professeur Philippulus','','',''),(59,'','','Bobby Smiles','','BOBBY SMILES.JPG',''),(60,'','','Le Professeur Calys','','',''),(61,'','','Monsieur Sanzot','','',''),(62,'','','Laszlo Carreidas','','',''),(63,'','','Mohammed Ben Kalish Ezba','','',''),(64,'','','Gibbons','','GIBBONS.JPG',''),(65,'','','Didi','','DIDI.JPG',''),(66,'','','Séraphin Lampion','','',''),(67,'','','Irma','','',''),(68,'','','Ramon Bada','','',''),(69,'','','Basil Bazarof','','BASIL BAZAROF.JPG',''),(70,'','','Al Capone','','AL CAPONE.JPG',''),(71,'','','Peggy Alcazar','','',''),(72,'','','Alonzo Perez','','ALONZO PEREZ.JPG',''),(73,'','','Aristide Filoselle','','ARISTIDE FILOSELLE.JPG',''),(74,'','','Igor Wagner','','',''),(75,'','','G. Loiseau','','G. LOISEAU.JPG',''),(76,'','','Madame Yamilah','','',''),(77,'','','Turluron','','',''),(78,'','','Nestor Halambique','','',''),(79,'','','Omar Ben Salaad','','',''),(80,'','','Bohlwinkel','','BOHLWINKEL.JPG',''),(81,'','','Miarka','','',''),(82,'','','Rascar Capac','','',''),(83,'','','Le Capitaine Chester','','',''),(84,'','','Le Caporal Diaz','','',''),(85,'','','Madame Clairmont','','',''),(86,'','','Mik Ezdanitof','','',''),(87,'','','Muganga','','',''),(88,'','','J.M.Dawson','','',''),(89,'','','Wronzoff','','',''),(90,'','','Docteur Krollspell','','DOCTEUR KROLLSPELL.JPG',''),(91,'','','Chiquito','','CHIQUITO.JPG',''),(92,'','','Le Cheikh Bab El Ehr','','',''),(93,'','','Maxime Loiseau','','',''),(94,'','','Le Colonel Alvarez','','',''),(95,'','','Boris','','BORIS.JPG',''),(96,'','','Le Général Tapioca','','',''),(97,'Georges','REMI','Hergé','','',''),(98,'Caraco','-','Caraco',NULL,'CARACO.JPG',''),(99,'','La Licorne','LA LICORNE',NULL,'','');
/*!40000 ALTER TABLE `personnages` ENABLE KEYS */;
UNLOCK TABLES;

--
-- Table structure for table `prix`
--

DROP TABLE IF EXISTS `prix`;
/*!40101 SET @saved_cs_client     = @@character_set_client */;
/*!40101 SET character_set_client = utf8 */;
CREATE TABLE `prix` (
  `prxid` int(11) NOT NULL AUTO_INCREMENT,
  `objid` int(11) NOT NULL,
  `mbid` int(11) NOT NULL,
  `paysid` int(11) NOT NULL DEFAULT 0,
  `prxdat` date NOT NULL,
  `prxcst` decimal(6,2) NOT NULL,
  `prxetat` varchar(50) NOT NULL,
  PRIMARY KEY (`prxid`),
  KEY `fk_prix_obj` (`objid`),
  KEY `fk_prix_mb_idx` (`mbid`),
  KEY `fk_prix_pays1_idx` (`paysid`),
  CONSTRAINT `fk_prix_mb` FOREIGN KEY (`mbid`) REFERENCES `membres` (`mbid`) ON DELETE NO ACTION ON UPDATE NO ACTION,
  CONSTRAINT `fk_prix_obj` FOREIGN KEY (`objid`) REFERENCES `objets` (`objid`) ON UPDATE CASCADE,
  CONSTRAINT `fk_prix_pays` FOREIGN KEY (`paysid`) REFERENCES `pays` (`paysid`)
) ENGINE=InnoDB DEFAULT CHARSET=utf8;
/*!40101 SET character_set_client = @saved_cs_client */;

--
-- Dumping data for table `prix`
--

LOCK TABLES `prix` WRITE;
/*!40000 ALTER TABLE `prix` DISABLE KEYS */;
/*!40000 ALTER TABLE `prix` ENABLE KEYS */;
UNLOCK TABLES;

--
-- Table structure for table `series`
--

DROP TABLE IF EXISTS `series`;
/*!40101 SET @saved_cs_client     = @@character_set_client */;
/*!40101 SET character_set_client = utf8 */;
CREATE TABLE `series` (
  `serid` int(11) NOT NULL AUTO_INCREMENT,
  `sernom` varchar(50) NOT NULL,
  `serannee` int(11) DEFAULT NULL,
  `sermois` int(11) DEFAULT NULL,
  `serdesc` text DEFAULT NULL,
  `commentaires` text DEFAULT NULL,
  PRIMARY KEY (`serid`)
) ENGINE=InnoDB AUTO_INCREMENT=111 DEFAULT CHARSET=utf8;
/*!40101 SET character_set_client = @saved_cs_client */;

--
-- Dumping data for table `series`
--

LOCK TABLES `series` WRITE;
/*!40000 ALTER TABLE `series` DISABLE KEYS */;
INSERT INTO `series` VALUES (1,'LU 94',1994,NULL,'Seconde série de trois nouvelles figurines extraites de l\'épopée lunaire est offerte dans chaque lot de trois paquets de biscuits Prince.\r\nsouple.\r\nInscription : CE © Hergé 1994 TL LU.  LU offrait la même année dans d\'autres paquets de biscuits : un Milou à emboiter sur un crayon  Et pour 2 paquets de HELLO, LU offrait aussi un porte-clefs de la Fusée Lunaire. \r\nA noter qu\'un cratère en PVC orange et vert servant à poser Milou aurait été produit avec un marquage « Hergé », je n\'ai trouvé cette information qu\'une seule fois sur Internet mais sans photo.','http://ma-collection-tintin.blogspot.com/2013/10/figurines-tintin-bully-pib-1975-cette.html\r\nChacune des figurines de cette série était donnée gratuitement, en achetant un ensemble de trois paquets de gâteaux «Prince». Elle comprend 3 figurines différentes. Dans d\'autres produits, LU ajouta d\'autres figurines : un grand Milou percé en dessous permettant de le fixer au bout d\'un crayon et un porte clés fusée. Figurines peintes à la main en plastique souple. H. 26 à 70 mm. Marquage : © Hergé 1994 LU. A noter qu\'un cratère en PVC orange et vert servant à poser Milou a été produit avec un marquage « Hergé ».'),(2,'LU 93',1993,NULL,'En 1993, dans chaque lot de trois paquets de biscuits \"Prince\" se trouve l\'une des trois figurines suivantes. \r\nInscription sous les pieds : LU © HERGE. \r\nPour l\'envoi de 3 codes barres et un chèque de 20 francs, on reçoit une quatrième figurine de Tournesol de BULLY de l\'année 1990.','http://ma-collection-tintin.blogspot.com/2013/10/figurines-tintin-bully-pib-1975-cette.html\r\nLa série LU 93 comprend 3 figurines en plastique dur, qui étaient ajoutés gratuitement à quelques produits de la marque LU, et avec 3 preuves d\'achat de ces produits ont pouvait recevoir une quatrième figurine Tournesol, qui est en fait celle de la série «Bully 90».\r\nFigurines peintes à la main en plastique rigide. H. 25 à 86mm.\r\nMarquage : © Hergé LU.\r\nCette figurine était une prime qui accompagnait les petits beurres de la marque Lu. \r\nElle est dans son sachet céllophane d\'origine qui était placé sur le paquet , bien visible , à la merci des vols et détournements faciles et fréquents en grande distribution. \r\nLa série etait constituée de Tintin astronaute, Milou astronaute, ainsi que de Dupond et Dupont astronautes. \r\n'),(3,'SCHLEICH 1985',1985,NULL,'Cette série comprend 6 personnages peints à la main.\r\nMarquage : © HERGE SCHLEICH différent sur chaque figurine.\r\nSérie rééditée début des années 90. Je ne sais pas si les photos sont de l\'ancienne ou la nouvelle édition.','http://ma-collection-tintin.blogspot.com/2013/10/figurines-tintin-bully-pib-1975-cette.html\r\nFigurines Schleich - 1985'),(4,'BULLY PIB',1977,NULL,'Cette série est appelée BULLY PIB, à cause de l\'inscription ©PIB dans le dos de chaque figurine.','http://tin-7.soforums.com/t107-collection-figurines-BULLY.htm\r\nDans ces séries, il y a d\'autres séries, dont deux, 1975 et 1977,  sorties avec les chaussures ROUGES pour Haddock et Tournesol ( et lui même possède en fonction de sa série, un manteau qui va du vert clair ou vert sombre), et une autre série, avec pour les Dupondt, des chaussures NOIRES. \r\n( donc la première série de 1975 ci dessus, Tournesol n\'est pas dans la bonne serie, il lui faut les chaussures rouges)\r\n\r\nIl y aurait une série avec un seul changement, le Tintin au sac à dos, tous les autres étant identiques à la série 1975/1977.\r\n\r\nLes marques ont eu droit de diffusion de cette série de Six, comme Lu ou Esso avec plus ou moins de bonheur....\r\n\r\nBeaucoup mélangent, involontairement, leurs figurines sans savoir qu\'ils ont ainsi deux ou trois séries. (Moi le premier, c\'est en chinant que je suis tom e sur un Tintinophile belge qui m\'a taclé grave (mais gentiment) sur les series. \r\n\r\nIl existe des séries, sorties de par le Monde, avec plus ou moins de réussite, mais non reconnues par \"la maison mere\" et donc Collector pour les fans. \r\nD\'autant que les séries pvc posterieures, suivant le pays, n\'ont pas les même couleurs.  Cool \r\n(Tintin l\'ile noire, en Europe et au Canada, n\'a pas le même kilt!!!)\r\n\r\nC\'était juste un complément pour ceux qui rangent leurs personnages par séries...\r\n\r\nTintinement votre\r\n\r\nhttps://tintinophile.weebly.com/bully.html\r\nBully 1975\r\nPersonnages représentés : Tintin, Milou, Haddock, Tournesol, Dupont, Dupond.\r\nDescription : 6 figurines peintes à la main en plastique souple. Vendues à l\'unité. H. 31 à 61 mm.\r\nMarquage : © Bully PIB (certaines ont un sticker collé au dos annonçant \"peintes à la main Bully Allemagne de l\'Ouest\").\r\nPrix constatés : de 8 à 20 € environ pièce. Attention, l\'estimation des deux Dupont(d), dont les cannes amovibles sont facilement perdues, peut dépasser cette fourchette de prix.\r\n\r\nMes notes :\r\nFondée en 1973, l\'entreprise Bullyland fabrique en 1977 sa première série Tintin.\r\nElle est aussi appelée BULLY PIB, à cause de l\'inscription ©PIB sur chaque figurine.\r\nIl faut noter que Tournesol (5.9 cm) reviendra sous la même forme en 1985 avec l\'édition Comics Spain mais il mesurera 7.9 cm.\r\n'),(5,'BRABO',1979,NULL,'Série de 1979 commandé par les éditions du Lombard. \r\nCe sont des figurines flexibles en plastique souple.\r\nLa société VICMA rééditera Tintin et Milou.',''),(6,'BULLY',1990,NULL,'Cette série comporte les inscriptions suivantes:\r\nSous le pied gauche : CE BULLY\r\nSous le pied droit : © HERGE\r\nLe plastique est légèrement souple.','https://tintinophile.weebly.com/bully.html\r\nBully 1990\r\nPersonnages représentés : Tintin, Milou, Haddock, Tournesol, Dupont, Dupond.\r\nDescription : 6 figurines peintes à la main en plastique souple ou rigide. Vendues à l\'unité. H. 35 à 81 mm.\r\nMarquage : © Hergé Bullyland ou Hergé Bully.\r\nRemarques : cette série a donné lieu à deux séries identiques mais dans un plastique différent, souple ou rigide. Des variantes de couleurs sont également constatées, l\'os de Milou passant du jaune pour la série souple au rose pour la série rigide. La série souple porte la mention \"Hergé-Bully\" au pied des personnages, la série dure est gravée \"Hergé-Bullyland Made in Germany\" au dos. Ces figurines ont aussi été reprises en porte-clés. \r\nPrix constatés : de 5 à 15 € environ pièce, quelle que soit la série.\r\n\r\nhttp://ma-collection-tintin.blogspot.com/2013/10/figurines-tintin-bully-pib-1975-cette.html\r\n\r\n6 figurines peintes à la main en plastique souple ou rigide. H. 35 à 81mm.\r\nLa série de figurines «Bully 90» est en fait composée de deux séries de figurines :\r\n- l\'une ayant un marquage sous les pieds : © HERGE CE BULLY (série souple)\r\n- l\'autre ayant un marquage dans le dos: © HERGE CE BULLY MADE IN GERMANY (série dure)\r\nSeule la figurine Tintin a de grandes différences de couleurs. Milou existe quant à lui en plusieurs variétés toutes marquées: © HERGE CE BULLY MADE IN GERMANY\r\nCertaines de ces figurines ont été vendues avec une chaîne de porte clés.\r\n\r\nMes notes :\r\nFabriquée en 1990. C\'est la série que l\'on trouve le plus sur le marché. Mais pour les puristes (collectionneurs) il s\'avère que cette série est un casse-tête.\r\nS\'il n\'existe que 6 figurines, il y a eu bon nombre de production qui diffèrent par les inscriptions et leur materiau. J\'ai pu constater 4 series :\r\n© HERGE  CE BULLY\r\nVoilà, je pense la première série éditée. Même si pour Milou il reste un doute.\r\nPour les autres personnages : inscription sous les pieds © HERGE  CE BULLY\r\n© HERGE CE BULLY MADE IN GERMANY\r\nFigurine en plastique souple qui diffère de la version originale par la couleur des vêtements.\r\nL\'inscription au dos est : © HERGE CE BULLY MADE IN GERMANY\r\n© HERGE CE BULLYLAND MADE IN GERMANY SOUPLE\r\nFigurines en plastique souple qui diffèrent de la version originale pour Tournesol :\r\nle pommeau de son parapluie est noir au lieu de marron.\r\nLes traits de personnages sont moins marqués (plus lissés) que la version originale.\r\nL\'inscription au dos est : © HERGE CE BULLYLAND MADE IN GERMANY\r\n© HERGE CE BULLYLAND MADE IN GERMANY DUR\r\nFigurines en plastique dur qui diffèrent par les couleurs pour Tintin.\r\nLe plastique est plus mat que la version souple.\r\nL\'inscription au dos est : © HERGE CE BULLYLAND MADE IN GERMANY\r\n'),(7,'BULLYLAND DUR',1990,NULL,'Inscription Bullyland Made in Germany dans le dos , plastique rigide qu’on ne peut pas plier. Si la figurine tombait elle pourrait casser.',''),(8,'BULLYLAND SOUPLE',1990,NULL,'Edité en 1990 cette série a l\'inscription Bullyland Made in Germany dans le dos.\r\nPlastique souple que l\'on peut légèrement tordre.',''),(9,'BULLY MADE IN GERMANY',1990,NULL,'Cette série de 1990 comporte l\'inscription © HERGE CE BULLY MADE IN GERMANY dans le dos des figurines.',''),(10,'Carrefour Market 2011',2011,NULL,'Cette série est produite par TCC Continuity Holding N.V à l\'occasion de la sortie du film de Spielberg.\r\nDifférentes offres seront faites de octobre à novembre 2011.\r\nPour un montant d\'achat minimum dans les magasins des figurines sont offertes. \r\nSinon des timbres sont offerts, et le cumul de timbres vous permet d\'échanger contre une figurine.',''),(11,'Casterman Citel',NULL,NULL,'',''),(12,'CGI',1986,NULL,'Série fabriquée en 1986 à Hong-Kong pour LOMBARD.\r\nPoupée en plastique de 27cm.\r\n10 tenues étaient également vendues séparément.',''),(13,'CITEL 95',1995,NULL,'En 1995, la société CITEL sort des portes-clefs Tintin',''),(14,'Citel Video PFC Video',NULL,NULL,'',''),(15,'Collection REV / Hachette Video',NULL,NULL,'',''),(16,'COMICS SPAIN',1985,NULL,'Cette série commandée par les Editions du Lombard porte le nom du fabriquant Espagnol.\r\nLes dates inscrites sont très difficiles à déchiffrer. Elles pourraient être de 84 / 85 / 86 / 89.',''),(17,'Coffret Couverture',NULL,NULL,'4 Coffrets sortent entre 2005 et 2008, représentants 4 couvertures d\'album.',''),(18,'DELACOSTE 1967',1967,NULL,'Série fabriquée en 1967. Elle sera surmoulé pour la série LAYA','http://www.ruedulabrador.com/fr/figurines-anciennes/497-rarissime-figurine-tournesol-delacoste-1967-.html'),(19,'En voiture Tintin',NULL,NULL,'',''),(20,'ESSO Belvision',1973,NULL,'En 1973, les stations-service Esso françaises offrent une série de personnages inspirés du film « Le Lac aux requins » mais différente de celle distribuée en Belgique : plus petite, en couleurs et aux personnages moins nombreux. A la différence de la série belge, un seul Dupond(t) fut produit ; Madame Vlek et les acolytes de Rastapopoulos ne sont plus représentés.','http://ma-collection-tintin.blogspot.com/2013/10/figurines-tintin-bully-pib-1975-cette.html\r\nFigurines Heimo EdL - 1974\r\n\r\nCette série fabriquée par Heimo comprend 6 personnages. 6 figurines peintes à la main en plastique rigide.\r\nCette série était vendue complète dans une boite en carton et est aussi connue sous le nom de EdL (Editions du Lombard).\r\nMarquage : © EdL. H. 22 à 60mm.\r\nCette série a été rééditée plus tard au Portugal par Livraria Bertrand dans un présentoir carton noté « Tintin e companhia ». Ces figurines sont moulées dans un plastique plus souple et les couleurs sont plus foncées (pantalon rouge pour Tintin).\r\n\r\nhttp://tin-7.soforums.com/t119-serie-figurines-HEIMO.htm\r\n\r\ncette série de figurine s\'appelle HEIMO (?) mais a été commandée par Le Lombard en 1972, \r\n\r\nune réédition a ensuite été commandée par un libraire au portugal avec de légères différences.\r\n\r\nvisuel de la série Le Lombard :'),(21,'Belvision',1973,NULL,'Même série que ESSO Belvision sans le marquage ESSO, je ne sais pas si la série initiale a été produite entièrement avec ce marquage.',''),(22,'ESSO BLANC',1973,NULL,'Série belge sortie en 1974 après la sortie du film : Tintin et le Lac aux requins.\r\nComprend 16 figurines dans 6 couleurs différentes.',''),(23,'ESSO BLEU',1973,NULL,'Série belge sortie en 1974 après la sortie du film : Tintin et le Lac aux requins.\r\nComprend 16 figurines dans 6 couleurs différentes.',''),(24,'ESSO JAUNE',1973,NULL,'Série belge sortie en 1974 après la sortie du film : Tintin et le Lac aux requins.\r\nComprend 16 figurines dans 6 couleurs différentes.',''),(25,'ESSO MAUVE',1973,NULL,'Série belge sortie en 1974 après la sortie du film : Tintin et le Lac aux requins.\r\nComprend 16 figurines dans 6 couleurs différentes.',''),(26,'ESSO ROUGE',1973,NULL,'Série belge sortie en 1974 après la sortie du film : Tintin et le Lac aux requins.\r\nComprend 16 figurines dans 6 couleurs différentes.',''),(27,'ESSO VERT',1973,NULL,'Série belge sortie en 1974 après la sortie du film : Tintin et le Lac aux requins.\r\nComprend 16 figurines dans 6 couleurs différentes.',''),(28,'Fèves Tintin le film',NULL,NULL,'',''),(29,'MIRIM TOYS',1958,0,'Série fabriquée en 1958. Aussi appelée Grand Pouet. \r\nIl existe Tintin pull bleu/jaune/rouge et Tintin saluant, Haddock, Dupond classique, Dupond avec foulard à pois, Tournesol et Milou.\r\nil existe aussi plusieurs versions de Milou :\r\n- la version de 20cm de haute possède ou pas des Tampons Tintin\r\n- une autre version fait seulement 10cm','À la demande d’Hergé, Nat Neujean est le premier sculpteur qui a donné du volume et de la vie à Tintin et Milou, ses héros d’encre et de papier.\r\nUne première sculpture de 20 cm fut créée en 1953 pour servir de modèle de base aux jouets pouêt-pouêt, de la marque MIRIM.\r\n\r\nOutre sa collection de jouets de cow-boys, EX.IN.CO (Extension Industrielle et Commerciale) propose dès le milieu des années 1950 des jouets en caoutchouc, sifflants. Ceux-ci sont à l\'effigie des héros des enfants de l\'époque, sortis tout droit des bandes dessinées et dessins animés : Popeye et Olive,\r\nPif, Tintin et ses amis, Lucky Luke, Spirou, Marsupilami... font ainsi la joie des petits qui peuvent les presser sans les abîmer. La société, basée à Paris, ne participe plus au Salon du Jouet à partir de 1969, ce qui semble le signe de sa cessation d\'activité.'),(30,'HEIMO',1972,NULL,'Série commandée par les éditions du Lombard en 1972. Elle sera réédité par la LIbrairie Bertrand quelques années plus tard avec quelques variations.','http://ma-collection-tintin.blogspot.com/2013/10/figurines-tintin-bully-pib-1975-cette.html\r\nFigurines Heimo EdL - 1974\r\n\r\nCette série fabriquée par Heimo comprend 6 personnages. 6 figurines peintes à la main en plastique rigide.\r\nCette série était vendue complète dans une boite en carton et est aussi connue sous le nom de EdL (Editions du Lombard).\r\nMarquage : © EdL. H. 22 à 60mm.\r\nCette série a été rééditée plus tard au Portugal par Livraria Bertrand dans un présentoir carton noté « Tintin e companhia ». Ces figurines sont moulées dans un plastique plus souple et les couleurs sont plus foncées (pantalon rouge pour Tintin).\r\n\r\nhttp://tin-7.soforums.com/t119-serie-figurines-HEIMO.htm\r\n\r\ncette série de figurine s\'appelle HEIMO (?) mais a été commandée par Le Lombard en 1972, \r\n\r\nune réédition a ensuite été commandée par un libraire au portugal avec de légères différences.\r\n\r\nvisuel de la série Le Lombard :'),(32,'Jeu de familles',NULL,NULL,'',''),(33,'Kids Cartoon',NULL,NULL,'',''),(34,'LAYA',1980,NULL,'Série édité en 1980, sur la base d\'un moulage de la série delacoste de 1967','Tirage d\'essais espagnole (photo moulage)\r\nTaille : 6,5 à 14cm  \r\nMatière : Caoutchouc \r\nAnnée : Années 80 \r\nOrigine : Espagne \r\nLa série comprends;Tintin, Milou, Haddock, Tournesol, Dupond et Dupont. \r\nA noter que Dupond et Dupont sont en fait les memes figurines. \r\nTradmarck lanco'),(35,'Les Voyages de Tintin',NULL,NULL,'',''),(36,'Livraria Bertrand',1980,NULL,'Reproduction de la série Heimo (1974) par la librairie portugaise Livraria Bertrand dans les années 1980.\r\nCes reproductions sont facilement reconnaissables car les mains et les visages sont peints.\r\nDe plus certaines couleurs ne sont identiques.\r\nMarqué EDL au dos : Editions Du Lombard','tournesol : pommeau de parapluie brun ou noir\r\ndupontd : chaussures brunes ou noires sourcil absent et couleur canne plus claire\r\ntintin : pantalon rouge parfois\r\nCes figurines pvc fabriquées au Portugal sous licence Librairie Bertrand,\r\nsont identiques aux figurines plastiques de chez Heimo, mais légèrement plus petite. \r\nle collectionneur chineur numero 3 de novembre 2006 ou il marque le vrai prix des figurines TINTIN \r\npage 38 editions HEIMO_DELACOSTE 1974 les figurines sont en plastique rigide marquage EdL \r\net ont été réédité au Portugal en plastique plus souple \r\nprix constatés:série d origine de 15 à 30 euros pièce \r\nsérie rééditée:de 30 à 45 euros toute la série \r\n'),(37,'Mc Donald\'s',2011,0,'Figurines offertes avec un Happy Meal suite à la sortie du film de Steven Spielberg et Peter Jackson le 26 octobre 2011.\r\nCe programme Happy Meal comprend 10 jouets qui permettent de resoudre le mysterieux secret.','http://tin-7.xooit.fr/t79-Tintin-chez-McDonald-dans-le-Happy-Meal-2011.htm\r\nhttp://passion-collections.superforum.fr/t3546-figurines-tintin-mc-donald'),(38,'ML 2003',2003,NULL,'',''),(39,'ML 2004',2004,NULL,'',''),(40,'ML 2005',2005,NULL,'',''),(41,'ML 2010 Grand',2010,6,'Sortie en Juin 2010, cette série existe aussi en petit modèle',''),(42,'ML 2010 Petit',2010,6,'Sortie en Juin 2010, cette série existe aussi en grand modèle',''),(43,'PC - ML 2010 Petit',2010,NULL,'Cette série existe aussi en grand modèle',''),(44,'PC - ML 2010 Grand',2010,NULL,'Cette série existe aussi en petit modèle',''),(45,'ML 2011 Petit',2011,NULL,'Cette série existe aussi en grand modèle',''),(46,'PC - ML 2011 Grand',2011,NULL,'Cette série existe aussi en petit modèle',''),(47,'PC - ML 2011 Petit',2011,NULL,'Cette série existe aussi en grand modèle',''),(48,'ML 2012 Petit',2012,NULL,'Cette série existe aussi en grand modèle',''),(49,'Tintin et les voitures',NULL,NULL,'',''),(50,'TYCO',1995,NULL,'Série de poupée de 1995.',''),(51,'UGC',NULL,NULL,'',''),(52,'ML 2020',2020,1,'',''),(53,'Tintin transports',2008,7,'',''),(54,'VICMA',1982,NULL,'Réédition des figurines Brabo',''),(55,'ML 2019',2019,NULL,'',''),(56,'PC - JIM',NULL,NULL,'Les premières figurines en porte-clés semblent être celles produites par JIM dans les années 1960.\r\nIl existe deux modèles de Tintin : l’un de 62 mm et un plus petit de 53 mm avec un Milou collé, souvent disparu aujourd’hui.\r\nHaddock figure en deux versions de 65 et 62 mm, la dernière le représentant avec un perroquet rouge sur l’épaule.\r\nMarc Noël (La Vie du Jouet – N°93 – Octobre 2003)',''),(57,'PINATERIA BLEU',1992,NULL,'Pinateria Inteco réédite en  1992 les figurines Stenval de 1971.\r\nLes couleurs sont très différentes des originales et les figurines n\'ont pas de marquages.','Offert en 1971, 20 figurines représentant divers personnages de la série Tintin (marqué au dos \"Stenval-Lombard\" d\'environ 3 cm de haut)\r\nAttention aux rééditions de 1992 Colombiennes (marqué \"inteco Pinateria\") mais quand même super interessante car environ une quinzaine de figurine supplémentaires et différentes par rapport à celles distribuées en France !\r\nmarque pininteria intenco tres tres rare de 1992,c est une reedition de la marque stenval\r\n'),(58,'PINATERIA JAUNE',1992,NULL,'Pinateria Inteco réédite en  1992 les figurines Stenval de 1971.\r\nLes couleurs sont très différentes des originales et les figurines n\'ont pas de marquages.',''),(59,'PINATERIA JAUNE FLUO',1992,NULL,'Pinateria Inteco réédite en  1992 les figurines Stenval de 1971.\r\nLes couleurs sont très différentes des originales et les figurines n\'ont pas de marquages.',''),(60,'PINATERIA ORANGE FLUO',1992,NULL,'Pinateria Inteco réédite en  1992 les figurines Stenval de 1971.\r\nLes couleurs sont très différentes des originales et les figurines n\'ont pas de marquages.',''),(61,'PINATERIA ROSE FLUO',1992,NULL,'Pinateria Inteco réédite en  1992 les figurines Stenval de 1971.\r\nLes couleurs sont très différentes des originales et les figurines n\'ont pas de marquages.',''),(62,'PINATERIA ROUGE FLUO',1992,NULL,'Pinateria Inteco réédite en  1992 les figurines Stenval de 1971.\r\nLes couleurs sont très différentes des originales et les figurines n\'ont pas de marquages.',''),(63,'PINATERIA VERT FLUO',1992,NULL,'Pinateria Inteco réédite en  1992 les figurines Stenval de 1971.\r\nLes couleurs sont très différentes des originales et les figurines n\'ont pas de marquages.',''),(64,'PLASTOY 2011 ACTION',2011,0,'',''),(66,'PLASTOY 2011 LICORNE',2011,10,'',''),(67,'PLASTOY 2011 MOTO',2011,10,'',''),(69,'PLASTOY 2011 TUBE + HYDRAVION',2011,10,'Cette série sort dans 2 packaging différent :\r\n\r\n- Un tube avec uniquement les figurines\r\n- Un coffret avec en plus des figurines un Hydravion',''),(70,'PLASTOY 1994',1994,NULL,'Fabriquées pour la première fois en 1994, cette série sera produite jusqu\'en 1997. Elle est maintenant épuisée. \r\nElle comprends 11 figurines où est inscrit sur chaque ©HERGE 1994 TL PLASTOY CE ',''),(71,'SICA-TOYS',1959,0,'Série éditée en 1959.\r\nAussi appellée Petit Pouet car légèrement plus petites que la série Mirim.',''),(72,'Coffret Scène',NULL,NULL,'Des coffrets représentants des scènes des albums sortent entre 2006 et 2011',''),(73,'STENVAL BLANC',1971,NULL,'Cette série STENVAL était offerte en 1971 dans les produits laitiers du même nom.\r\nD\'environ 3cm, elles sont marquées Stenval © Lombard et TITO dans un losange au dos.\r\nElle représente 20 personnages des aventures de Tintin.','Offert en 1971, 20 figurines représentant divers personnages de la série Tintin (marqué au dos \"Stenval-Lombard\" d\'environ 3 cm de haut)\r\nAttention aux rééditions de 1992 Colombiennes (marqué \"inteco Pinateria\") mais quand même super interessante car environ une quinzaine de figurine supplémentaires et différentes par rapport à celles distribuées en France !\r\nmarque pininteria intenco tres tres rare de 1992,c est une reedition de la marque stenval.\r\nhttp://tin-7.soforums.com/t121-collection-figurines-STENVAL.htm\r\nCette série STENVAL était offerte en 1971 dans les produits laitiers du même nom.\r\nCe sont des figurines de 2-3 cm en plastique, monochromes, existantes dans 7 couleurs différentes : Blanc, Bleu, Jaune, Mauve, Orange, Rouge et Vert. au dos on peut lire : Stenval © Lombard. \r\nil existe 20 figurines différentes déclinées dans les 7 couleurs soit 140 figurines au total, je les trouve mieux faites que les monochromes ESSO, et on peut également apprécier la diversité des personnages, certains rares ou même inédits en figurine plastique :\r\nTintin, Milou, Haddock, Tournesol, Nestor, Dupondt, Castafiore, Allan, Rastapopoulos, Abdallah, emir ben Kalish Ezab, Oliveira da figueira, Wang Jen-Ghié, fakir cigares du pharaon, Philémon Siclone, colonel cigares du pharaon, Zorrino, Rackham le Rouge'),(74,'STENVAL BLEU',1971,NULL,'Cette série STENVAL était offerte en 1971 dans les produits laitiers du même nom.\r\nD\'environ 3cm, elles sont marquées Stenval © Lombard et TITO dans un losange au dos.\r\nElle représente 20 personnages des aventures de Tintin.','Offert en 1971, 20 figurines représentant divers personnages de la série Tintin (marqué au dos \"Stenval-Lombard\" d\'environ 3 cm de haut)\r\nAttention aux rééditions de 1992 Colombiennes (marqué \"inteco Pinateria\") mais quand même super interessante car environ une quinzaine de figurine supplémentaires et différentes par rapport à celles distribuées en France !\r\nmarque pininteria intenco tres tres rare de 1992,c est une reedition de la marque stenval.\r\nhttp://tin-7.soforums.com/t121-collection-figurines-STENVAL.htm\r\nCette série STENVAL était offerte en 1971 dans les produits laitiers du même nom.\r\nCe sont des figurines de 2-3 cm en plastique, monochromes, existantes dans 7 couleurs différentes : Blanc, Bleu, Jaune, Mauve, Orange, Rouge et Vert. au dos on peut lire : Stenval © Lombard. \r\nil existe 20 figurines différentes déclinées dans les 7 couleurs soit 140 figurines au total, je les trouve mieux faites que les monochromes ESSO, et on peut également apprécier la diversité des personnages, certains rares ou même inédits en figurine plastique :\r\nTintin, Milou, Haddock, Tournesol, Nestor, Dupondt, Castafiore, Allan, Rastapopoulos, Abdallah, emir ben Kalish Ezab, Oliveira da figueira, Wang Jen-Ghié, fakir cigares du pharaon, Philémon Siclone, colonel cigares du pharaon, Zorrino, Rackham le Rouge'),(75,'STENVAL JAUNE',1971,NULL,'Cette série STENVAL était offerte en 1971 dans les produits laitiers du même nom.\r\nD\'environ 3cm, elles sont marquées Stenval © Lombard et TITO dans un losange au dos.\r\nElle représente 20 personnages des aventures de Tintin.','Offert en 1971, 20 figurines représentant divers personnages de la série Tintin (marqué au dos \"Stenval-Lombard\" d\'environ 3 cm de haut)\r\nAttention aux rééditions de 1992 Colombiennes (marqué \"inteco Pinateria\") mais quand même super interessante car environ une quinzaine de figurine supplémentaires et différentes par rapport à celles distribuées en France !\r\nmarque pininteria intenco tres tres rare de 1992,c est une reedition de la marque stenval.\r\nhttp://tin-7.soforums.com/t121-collection-figurines-STENVAL.htm\r\nCette série STENVAL était offerte en 1971 dans les produits laitiers du même nom.\r\nCe sont des figurines de 2-3 cm en plastique, monochromes, existantes dans 7 couleurs différentes : Blanc, Bleu, Jaune, Mauve, Orange, Rouge et Vert. au dos on peut lire : Stenval © Lombard. \r\nil existe 20 figurines différentes déclinées dans les 7 couleurs soit 140 figurines au total, je les trouve mieux faites que les monochromes ESSO, et on peut également apprécier la diversité des personnages, certains rares ou même inédits en figurine plastique :\r\nTintin, Milou, Haddock, Tournesol, Nestor, Dupondt, Castafiore, Allan, Rastapopoulos, Abdallah, emir ben Kalish Ezab, Oliveira da figueira, Wang Jen-Ghié, fakir cigares du pharaon, Philémon Siclone, colonel cigares du pharaon, Zorrino, Rackham le Rouge'),(76,'STENVAL MAUVE',1971,NULL,'Cette série STENVAL était offerte en 1971 dans les produits laitiers du même nom.\r\nD\'environ 3cm, elles sont marquées Stenval © Lombard et TITO dans un losange au dos.\r\nElle représente 20 personnages des aventures de Tintin.','Offert en 1971, 20 figurines représentant divers personnages de la série Tintin (marqué au dos \"Stenval-Lombard\" d\'environ 3 cm de haut)\r\nAttention aux rééditions de 1992 Colombiennes (marqué \"inteco Pinateria\") mais quand même super interessante car environ une quinzaine de figurine supplémentaires et différentes par rapport à celles distribuées en France !\r\nmarque pininteria intenco tres tres rare de 1992,c est une reedition de la marque stenval.\r\nhttp://tin-7.soforums.com/t121-collection-figurines-STENVAL.htm\r\nCette série STENVAL était offerte en 1971 dans les produits laitiers du même nom.\r\nCe sont des figurines de 2-3 cm en plastique, monochromes, existantes dans 7 couleurs différentes : Blanc, Bleu, Jaune, Mauve, Orange, Rouge et Vert. au dos on peut lire : Stenval © Lombard. \r\nil existe 20 figurines différentes déclinées dans les 7 couleurs soit 140 figurines au total, je les trouve mieux faites que les monochromes ESSO, et on peut également apprécier la diversité des personnages, certains rares ou même inédits en figurine plastique :\r\nTintin, Milou, Haddock, Tournesol, Nestor, Dupondt, Castafiore, Allan, Rastapopoulos, Abdallah, emir ben Kalish Ezab, Oliveira da figueira, Wang Jen-Ghié, fakir cigares du pharaon, Philémon Siclone, colonel cigares du pharaon, Zorrino, Rackham le Rouge'),(77,'STENVAL ORANGE',1971,NULL,'Cette série STENVAL était offerte en 1971 dans les produits laitiers du même nom.\r\nD\'environ 3cm, elles sont marquées Stenval © Lombard et TITO dans un losange au dos.\r\nElle représente 20 personnages des aventures de Tintin.','Offert en 1971, 20 figurines représentant divers personnages de la série Tintin (marqué au dos \"Stenval-Lombard\" d\'environ 3 cm de haut)\r\nAttention aux rééditions de 1992 Colombiennes (marqué \"inteco Pinateria\") mais quand même super interessante car environ une quinzaine de figurine supplémentaires et différentes par rapport à celles distribuées en France !\r\nmarque pininteria intenco tres tres rare de 1992,c est une reedition de la marque stenval.\r\nhttp://tin-7.soforums.com/t121-collection-figurines-STENVAL.htm\r\nCette série STENVAL était offerte en 1971 dans les produits laitiers du même nom.\r\nCe sont des figurines de 2-3 cm en plastique, monochromes, existantes dans 7 couleurs différentes : Blanc, Bleu, Jaune, Mauve, Orange, Rouge et Vert. au dos on peut lire : Stenval © Lombard. \r\nil existe 20 figurines différentes déclinées dans les 7 couleurs soit 140 figurines au total, je les trouve mieux faites que les monochromes ESSO, et on peut également apprécier la diversité des personnages, certains rares ou même inédits en figurine plastique :\r\nTintin, Milou, Haddock, Tournesol, Nestor, Dupondt, Castafiore, Allan, Rastapopoulos, Abdallah, emir ben Kalish Ezab, Oliveira da figueira, Wang Jen-Ghié, fakir cigares du pharaon, Philémon Siclone, colonel cigares du pharaon, Zorrino, Rackham le Rouge'),(78,'STENVAL ROUGE',1971,NULL,'Cette série STENVAL était offerte en 1971 dans les produits laitiers du même nom.\r\nD\'environ 3cm, elles sont marquées Stenval © Lombard et TITO dans un losange au dos.\r\nElle représente 20 personnages des aventures de Tintin.','Offert en 1971, 20 figurines représentant divers personnages de la série Tintin (marqué au dos \"Stenval-Lombard\" d\'environ 3 cm de haut)\r\nAttention aux rééditions de 1992 Colombiennes (marqué \"inteco Pinateria\") mais quand même super interessante car environ une quinzaine de figurine supplémentaires et différentes par rapport à celles distribuées en France !\r\nmarque pininteria intenco tres tres rare de 1992,c est une reedition de la marque stenval.\r\nhttp://tin-7.soforums.com/t121-collection-figurines-STENVAL.htm\r\nCette série STENVAL était offerte en 1971 dans les produits laitiers du même nom.\r\nCe sont des figurines de 2-3 cm en plastique, monochromes, existantes dans 7 couleurs différentes : Blanc, Bleu, Jaune, Mauve, Orange, Rouge et Vert. au dos on peut lire : Stenval © Lombard. \r\nil existe 20 figurines différentes déclinées dans les 7 couleurs soit 140 figurines au total, je les trouve mieux faites que les monochromes ESSO, et on peut également apprécier la diversité des personnages, certains rares ou même inédits en figurine plastique :\r\nTintin, Milou, Haddock, Tournesol, Nestor, Dupondt, Castafiore, Allan, Rastapopoulos, Abdallah, emir ben Kalish Ezab, Oliveira da figueira, Wang Jen-Ghié, fakir cigares du pharaon, Philémon Siclone, colonel cigares du pharaon, Zorrino, Rackham le Rouge'),(79,'STENVAL VERT',1971,NULL,'Cette série STENVAL était offerte en 1971 dans les produits laitiers du même nom.\r\nD\'environ 3cm, elles sont marquées Stenval © Lombard et TITO dans un losange au dos.\r\nElle représente 20 personnages des aventures de Tintin.','Offert en 1971, 20 figurines représentant divers personnages de la série Tintin (marqué au dos \"Stenval-Lombard\" d\'environ 3 cm de haut)\r\nAttention aux rééditions de 1992 Colombiennes (marqué \"inteco Pinateria\") mais quand même super interessante car environ une quinzaine de figurine supplémentaires et différentes par rapport à celles distribuées en France !\r\nmarque pininteria intenco tres tres rare de 1992,c est une reedition de la marque stenval.\r\nhttp://tin-7.soforums.com/t121-collection-figurines-STENVAL.htm\r\nCette série STENVAL était offerte en 1971 dans les produits laitiers du même nom.\r\nCe sont des figurines de 2-3 cm en plastique, monochromes, existantes dans 7 couleurs différentes : Blanc, Bleu, Jaune, Mauve, Orange, Rouge et Vert. au dos on peut lire : Stenval © Lombard. \r\nil existe 20 figurines différentes déclinées dans les 7 couleurs soit 140 figurines au total, je les trouve mieux faites que les monochromes ESSO, et on peut également apprécier la diversité des personnages, certains rares ou même inédits en figurine plastique :\r\nTintin, Milou, Haddock, Tournesol, Nestor, Dupondt, Castafiore, Allan, Rastapopoulos, Abdallah, emir ben Kalish Ezab, Oliveira da figueira, Wang Jen-Ghié, fakir cigares du pharaon, Philémon Siclone, colonel cigares du pharaon, Zorrino, Rackham le Rouge'),(80,'PC - PLASTOY 1994',1994,NULL,'Cette série comprends les mêmes personnages que l\'édition figurine.\r\nLes figurines étaient vendues autour de 28francs soit aujourd\'hui environ 6€.',''),(81,'Carte de Voeux 1972',2019,NULL,'','Serie Moulinsart 2019\r\nEnviron 6 cm\r\nAlliage métal 1000ex de chaque avec cerytif numéroté'),(82,'PC - ML 2003',2003,NULL,'Porte clefs de figurines éditées la même année',''),(83,'Willeb',NULL,NULL,'',''),(84,'JIM',1960,0,'Cette série de 1965 comprend 6 personnages et 2 porte-clefs. Les figurines sont en acétates de cellulose et peintes à la main par des travailleur à domicile, mais encore plus souvent par des prisonniers de droit commun. Elles étaient vendues au détail ou dans une boîte cartonnée représentant un théatre ( avec seulement Milou assis). Le marquage est  : ©Dargaud JIM qui se trouve dans un losange gravé sous les pieds des personnages. Par contre, Milou qui est trop petit est marqué par \"Dargaud\".','La composition de base était de l\'acétate de cellulose, et elles sortaient du moule dans un sale blanc cassé. Après elles étaient peintes par des travailleur à domicile, mais encore plus souvent par des prisonniers de droit commun. C\'était le bon temps ou les détenus pouvaient se faire un peu d\'argent de poche en suivant la principe de \" Le travail c\'est la santé \".\r\nLes prix pratiqués actuellement sont prohibitifs. Il faut compter près de 500€ pour une série complète ( sans les porte-clefs)\r\nHaddock 6 cm dargaud inscrit dans le dos\r\ndans cette série il y a deux milous mais visiblement un seul Dupondt\r\n\r\nhttp://tintinde7a77ans.free.fr/?Jim-1960\r\n\r\nDescription : 6 personnages en plastique rigide. Elles sont peintes à la main. Vendues au détail ou dans une boîte cartonnée représentant un théatre où Milou était présent.\r\nTintin et Haddock existent en porte-clés dans deux modèles différents (taille).\r\n Tintin en porte clé : Normallement, Milou est collé avec son maître Tintin mais, il est souvent manquant. \r\n Haddock : Le capitaine est représenté dans la dernière version avec un perroquet rouge sur l’épaule. (Faites attention il existe une autre marque de figurine représentant Haddock avec le perroquet donc vérifiez le marquages). Les personnages : Tintin, Milou assis, Milou marchant, Tournesol, Haddock, et un Dupont(d).\r\nMarquages : ©Dargaud JIM se trouve dans un losange gravé sous les pieds des personnages. Par contre, Milou qui est trop petit est marqué par \"Dargaud\".\r\nPrix moyen : 50€ à 80€ pièce. La série peut atteindre 400 à 500€.'),(85,'PC - BULLY',1990,NULL,'Cette série comporte la marque BULLY sous le pieds des figurines',''),(86,'PC - BULLY MADE IN GERMANY',1990,NULL,'Cette série comporte la marque BULLY sous le pieds des figurines et Made in Germany dans le dos',''),(87,'PC - BULLY PIB',1977,NULL,'Cette série est appelée BULLY PIB, à cause de l\'inscription ©PIB dans le dos de chaque figurine.',''),(88,'PC - COMICS SPAIN',1985,NULL,'Cette série de porte-clefs commandée par les Editions du Lombard porte le nom du fabriquant Espagnol.',''),(89,'ML 2015',2015,0,'',''),(90,'ML 2011 Grand',2011,NULL,'Cette série existe aussi en petit modèle',''),(91,'ML 2012 Grand',2012,NULL,'Cette série existe aussi en petit modèle',''),(92,'La Collection Officielle',2011,0,'Série en résine pour grand public qui compte le plus de figurines différentes. (111)\r\nLa série fut entièrement réédité quelques années plus tard sous le nom : Collection Résine.\r\nLa première édition n\'avait pas de référence. Mais le détail de la figurine était inscrit sous le socle. Tandis la seconde édition a un tampon Moulinsart.',''),(93,'La Collection Officielle - Hors Série',2011,0,'La série fut entièrement réédité quelques années plus tard sous le nom : Collection Résine.',''),(94,'ML 2015 Petit',2015,NULL,'Cette série existe aussi en grand modèle',''),(95,'Mini Buste',2017,NULL,'Série sortie en 2017.\r\nExiste aussi en porte-clefs',''),(98,'EX.IN.CO',1950,0,'Figurines de 12 cm fabriquées entre 1950 et 1966 dans une mousse de latex armée animable. Cette mousse contenait une armature en fil de fer. La mousse supporte mal le temps et le sec et les figurines en très bon état sont très rares. Seules celles conservées dans les sachets en plastique d\'origine sont en bon état.\r\nLe prix varie de 50 à 250€ suivant l\'état.',''),(99,'PC - ML 2012 Grand',2012,0,'',''),(100,'PC - ML 2012 Petit',2012,0,'',''),(101,'United Labels',2011,0,'Pour la sortie du film de Spielberg, United Labels sort un jeu de société type \'Petits Chevaux\' qui comprends les 4 fois les 4 figurines présentées',''),(102,'SERI',1986,0,'Séries de poupées fabriquées en Chine for SERI\r\nSous licence Hergé - Editions du Lombard : 39274',''),(103,'The Adventures of Tintin',2011,0,'',''),(104,'Quaker Oats',1966,0,'En 1966, Quaker Oats produit les Céréales P\'tis Trésors Tintin.\r\nDans cette boite de ce céréales, on y trouve Tintin ou Milou',''),(106,'Mascottes Cesar',1962,0,'Ensemble de 6 figures thermoformées.\r\nCes mascottes avaient vocation à être accrochées sur un mur. \r\nFabrication des atelier César vers 1962.',''),(107,'Collection Courant d\'air',2009,0,'Cette série ne comprends qu\'un objet. :-)',''),(108,'DELACOSTE 1968',1968,0,'Pas d\'informations sur cette série',''),(109,'OLA Jaune',1969,0,'Les figurines étaient offertes avec les pots de glace OLA. 7 couleurs : jaune, bleu, blanc, vert, orange ou rouge. L’inscription au dos est © LOMBARD TITO Série réédité 2 ans plus tard par Stenval en France.',''),(110,'Mini Bustes - PC',2017,0,'Série sortie en 2017.','');
/*!40000 ALTER TABLE `series` ENABLE KEYS */;
UNLOCK TABLES;

--
-- Table structure for table `types`
--

DROP TABLE IF EXISTS `types`;
/*!40101 SET @saved_cs_client     = @@character_set_client */;
/*!40101 SET character_set_client = utf8 */;
CREATE TABLE `types` (
  `typeid` int(11) NOT NULL AUTO_INCREMENT,
  `typecode` varchar(5) NOT NULL,
  `typelib` varchar(25) NOT NULL,
  `typeimg` varchar(255) NOT NULL,
  PRIMARY KEY (`typeid`)
) ENGINE=InnoDB AUTO_INCREMENT=18 DEFAULT CHARSET=utf8 DELAY_KEY_WRITE=1;
/*!40101 SET character_set_client = @saved_cs_client */;

--
-- Dumping data for table `types`
--

LOCK TABLES `types` WRITE;
/*!40000 ALTER TABLE `types` DISABLE KEYS */;
INSERT INTO `types` VALUES (1,'FIG','Figurines','FIG.PNG'),(2,'PC','Porte Clefs','PC.PNG'),(3,'CAR','Jeux de cartes','CAR.PNG'),(4,'SOC','Jeux de société','SOC.PNG'),(5,'PP','Poupées','PP.PNG'),(6,'S','Séries','S.PNG'),(7,'DIO','Diorama','DIO.PNG'),(8,'FEV','Fèves','FEV.PNG'),(9,'POUET','Pouet pouet','POUET.PNG'),(10,'TIM','Timbres','TIM.PNG'),(11,'VHS','VHS','VHS.PNG'),(12,'PIN','Pin’s','PIN.PNG'),(13,'VOI','Voitures','VOITURE.PNG'),(14,'PLV','PLV','PLV.PNG'),(15,'AFF','Affiches','AFF.PNG'),(16,'EMB','Packaging','EMB.PNG'),(17,'NOTYP','Type non défini','');
/*!40000 ALTER TABLE `types` ENABLE KEYS */;
UNLOCK TABLES;
/*!40103 SET TIME_ZONE=@OLD_TIME_ZONE */;

/*!40101 SET SQL_MODE=@OLD_SQL_MODE */;
/*!40014 SET FOREIGN_KEY_CHECKS=@OLD_FOREIGN_KEY_CHECKS */;
/*!40014 SET UNIQUE_CHECKS=@OLD_UNIQUE_CHECKS */;
/*!40101 SET CHARACTER_SET_CLIENT=@OLD_CHARACTER_SET_CLIENT */;
/*!40101 SET CHARACTER_SET_RESULTS=@OLD_CHARACTER_SET_RESULTS */;
/*!40101 SET COLLATION_CONNECTION=@OLD_COLLATION_CONNECTION */;
/*!40111 SET SQL_NOTES=@OLD_SQL_NOTES */;

-- Dump completed on 2021-03-07  4:00:03
